timestamp_utc,elapsed_s,active_channel,active_power_W,ch1_power_W,ch2_power_W,ch1_pm_status,ch2_pm_status,command_status
2026-05-07T18:25:00.524+00:00,0.000003,1,5.023214034736e-03,5.023508000000e-03,2.018386000000e-09,312,264,0
2026-05-07T18:25:00.769+00:00,0.337120,1,5.023662932217e-03,5.023365000000e-03,2.011068000000e-09,312,264,0
2026-05-07T18:25:00.945+00:00,0.520434,1,5.023008212447e-03,5.022582000000e-03,2.011340000000e-09,312,264,0
2026-05-07T18:25:01.060+00:00,0.701705,1,5.023133009672e-03,5.023302000000e-03,2.014197000000e-09,312,264,0
2026-05-07T18:25:01.233+00:00,0.834131,1,5.023069214076e-03,5.022999000000e-03,2.021433000000e-09,312,264,0
2026-05-07T18:25:01.400+00:00,0.994948,1,5.023066885769e-03,5.022948000000e-03,2.022331000000e-09,312,264,0
2026-05-07T18:25:01.530+00:00,1.159255,1,5.022951867431e-03,5.023067000000e-03,2.022032000000e-09,312,264,0
2026-05-07T18:25:01.673+00:00,1.302456,1,5.023683886975e-03,5.023676000000e-03,2.023800000000e-09,312,264,0
2026-05-07T18:25:01.907+00:00,1.427409,1,5.023716017604e-03,5.023346000000e-03,2.027119000000e-09,312,264,0
2026-05-07T18:25:02.053+00:00,1.694393,1,5.023634992540e-03,5.023736000000e-03,2.023963000000e-09,312,264,0
2026-05-07T18:25:02.300+00:00,1.835274,1,5.023711826652e-03,5.023970000000e-03,2.021352000000e-09,312,264,0
2026-05-07T18:25:02.427+00:00,2.051535,1,5.024071782827e-03,5.024028000000e-03,2.021324000000e-09,312,264,0
2026-05-07T18:25:02.542+00:00,2.190262,1,5.023668985814e-03,5.023585000000e-03,2.022766000000e-09,312,264,0
2026-05-07T18:25:02.716+00:00,2.345703,1,5.023641977459e-03,5.023678000000e-03,2.023963000000e-09,312,264,0
2026-05-07T18:25:03.184+00:00,2.486714,1,5.023944191635e-03,5.023101000000e-03,2.018903000000e-09,312,264,0
2026-05-07T18:25:03.839+00:00,2.988829,1,5.023454781622e-03,5.023865000000e-03,2.012510000000e-09,312,264,0
2026-05-07T18:25:04.392+00:00,3.595803,1,5.023144185543e-03,5.023391000000e-03,2.012483000000e-09,312,264,0
2026-05-07T18:25:04.904+00:00,4.161422,1,5.022631026804e-03,5.023578000000e-03,2.000813000000e-09,312,264,0
2026-05-07T18:25:05.478+00:00,4.664259,1,5.023178178817e-03,5.022882000000e-03,1.984001000000e-09,312,264,0
2026-05-07T18:25:06.116+00:00,5.275397,1,5.023416131735e-03,5.023039000000e-03,1.984980000000e-09,312,264,0
2026-05-07T18:25:06.588+00:00,5.903243,1,5.023155827075e-03,5.023297000000e-03,1.974153000000e-09,312,264,0
2026-05-07T18:25:07.243+00:00,6.382397,1,5.023866891861e-03,5.022973000000e-03,1.982967000000e-09,312,264,0
2026-05-07T18:25:07.825+00:00,7.010476,1,5.023488774896e-03,5.023821000000e-03,2.010416000000e-09,312,264,0
2026-05-07T18:25:08.415+00:00,7.601714,1,5.023708101362e-03,5.023753000000e-03,2.035634000000e-09,312,264,0
2026-05-07T18:25:08.978+00:00,8.208585,1,5.024090874940e-03,5.023048000000e-03,2.059954000000e-09,312,264,0
2026-05-07T18:25:09.606+00:00,8.748701,1,5.023513920605e-03,5.023048000000e-03,2.051874000000e-09,312,264,0
2026-05-07T18:25:10.323+00:00,9.365918,1,5.023234989494e-03,5.023169000000e-03,2.049616000000e-09,312,264,0
2026-05-07T18:25:10.874+00:00,10.075869,1,5.023246165365e-03,5.022801000000e-03,2.053860000000e-09,312,264,0
2026-05-07T18:25:11.392+00:00,10.637681,1,5.023711826652e-03,5.023063000000e-03,2.051983000000e-09,312,264,0
2026-05-07T18:25:11.997+00:00,11.147683,1,5.023947916925e-03,5.023421000000e-03,2.067217000000e-09,312,264,0
2026-05-07T18:25:12.570+00:00,11.783911,1,5.023515783250e-03,5.023201000000e-03,2.043441000000e-09,312,264,0
2026-05-07T18:25:13.211+00:00,12.327012,1,5.022874101996e-03,5.023550000000e-03,2.066700000000e-09,312,264,0
2026-05-07T18:25:13.779+00:00,12.978310,1,5.023240111768e-03,5.023491000000e-03,2.079405000000e-09,312,264,0
2026-05-07T18:25:14.360+00:00,13.583873,1,5.023358855397e-03,5.023625000000e-03,2.039823000000e-09,312,264,0
2026-05-07T18:25:14.595+00:00,14.116315,1,5.023236852139e-03,5.023657000000e-03,2.020291000000e-09,312,264,0
2026-05-07T18:25:14.736+00:00,14.366640,1,5.023708101362e-03,5.023925000000e-03,2.011912000000e-09,312,264,0
2026-05-07T18:25:15.012+00:00,14.501847,1,5.023784004152e-03,5.023872000000e-03,2.001737000000e-09,312,264,0
2026-05-07T18:25:15.158+00:00,14.772378,1,5.024575162679e-03,5.024564000000e-03,2.001846000000e-09,312,264,0
2026-05-07T18:25:15.318+00:00,14.933991,1,5.023940000683e-03,5.024032000000e-03,2.007994000000e-09,312,264,0
2026-05-07T18:25:15.457+00:00,15.080024,1,5.023925099522e-03,5.023851000000e-03,2.012048000000e-09,312,264,0
2026-05-07T18:25:15.601+00:00,15.224866,1,5.024426151067e-03,5.024464000000e-03,2.017135000000e-09,312,264,0
2026-05-07T18:25:15.756+00:00,15.377351,1,5.024651065469e-03,5.024232000000e-03,2.015965000000e-09,312,264,0
2026-05-07T18:25:15.899+00:00,15.517310,1,5.023953039199e-03,5.024319000000e-03,2.012973000000e-09,312,264,0
2026-05-07T18:25:16.022+00:00,15.658661,1,5.024732090533e-03,5.024468000000e-03,2.009028000000e-09,312,264,0
2026-05-07T18:25:16.270+00:00,15.792087,1,5.024652928114e-03,5.024534000000e-03,2.000296000000e-09,312,264,0
2026-05-07T18:25:16.414+00:00,16.043205,1,5.025214981288e-03,5.024977000000e-03,1.991944000000e-09,312,264,0
2026-05-07T18:25:16.559+00:00,16.175603,1,5.024692043662e-03,5.024038000000e-03,1.987619000000e-09,312,264,0
2026-05-07T18:25:16.702+00:00,16.326154,1,5.023845937103e-03,5.023878000000e-03,1.993794000000e-09,312,264,0
2026-05-07T18:25:16.934+00:00,16.468695,1,5.024100188166e-03,5.024110000000e-03,1.997738000000e-09,312,264,0
2026-05-07T18:25:17.077+00:00,16.714455,1,5.024186801165e-03,5.024140000000e-03,1.996269000000e-09,312,264,0
2026-05-07T18:25:17.244+00:00,16.849904,1,5.024197977036e-03,5.023780000000e-03,1.997603000000e-09,312,264,0
2026-05-07T18:25:17.380+00:00,17.003442,1,5.024035926908e-03,5.024121000000e-03,1.998038000000e-09,312,264,0
2026-05-07T18:25:17.529+00:00,17.148508,1,5.023879930377e-03,5.023989000000e-03,2.003560000000e-09,312,264,0
2026-05-07T18:25:17.653+00:00,17.286441,1,5.024050828069e-03,5.023923000000e-03,2.002281000000e-09,312,264,0
2026-05-07T18:25:17.867+00:00,17.435776,1,5.023953039199e-03,5.023821000000e-03,2.008892000000e-09,312,264,0
2026-05-07T18:25:18.005+00:00,17.634952,1,5.023698788136e-03,5.024051000000e-03,2.017706000000e-09,312,264,0
2026-05-07T18:25:18.136+00:00,17.774902,1,5.024189129472e-03,5.024379000000e-03,2.022984000000e-09,312,264,0
2026-05-07T18:25:18.374+00:00,17.925767,1,5.023941863328e-03,5.023684000000e-03,2.027527000000e-09,312,264,0
2026-05-07T18:25:18.555+00:00,18.188654,1,5.024165846407e-03,5.024232000000e-03,2.027690000000e-09,312,264,0
2026-05-07T18:25:18.702+00:00,18.326979,1,5.023317877203e-03,5.023576000000e-03,2.025351000000e-09,312,264,0
2026-05-07T18:25:19.293+00:00,18.469789,1,5.023901816458e-03,5.023440000000e-03,2.017298000000e-09,312,264,0
2026-05-07T18:25:19.910+00:00,19.076519,1,5.024081096053e-03,5.023634000000e-03,1.995861000000e-09,312,264,0
2026-05-07T18:25:20.449+00:00,19.710354,1,5.024062935263e-03,5.023589000000e-03,2.012075000000e-09,312,264,0
2026-05-07T18:25:20.812+00:00,20.221615,1,5.024317186326e-03,5.024136000000e-03,2.022902000000e-09,312,264,0
2026-05-07T18:25:21.285+00:00,20.610084,1,5.024186801165e-03,5.024870000000e-03,2.004186000000e-09,312,264,0
2026-05-07T18:25:21.680+00:00,21.040672,1,5.024155136198e-03,5.024038000000e-03,1.991971000000e-09,312,264,0
2026-05-07T18:25:22.197+00:00,21.440167,1,5.024670157582e-03,5.024225000000e-03,1.998935000000e-09,312,264,0
2026-05-07T18:25:22.750+00:00,21.949794,1,5.023770034313e-03,5.024696000000e-03,1.995807000000e-09,312,264,0
2026-05-07T18:25:23.280+00:00,22.509552,1,5.024487152696e-03,5.024221000000e-03,2.013870000000e-09,312,264,0
2026-05-07T18:25:23.900+00:00,23.039537,1,5.024416837841e-03,5.024760000000e-03,2.009463000000e-09,312,264,0
2026-05-07T18:25:24.461+00:00,23.659168,1,5.024003796279e-03,5.023780000000e-03,1.996814000000e-09,312,264,0
2026-05-07T18:25:25.056+00:00,24.266179,1,5.024121142924e-03,5.023874000000e-03,2.023365000000e-09,312,264,0
2026-05-07T18:25:25.583+00:00,24.833533,1,5.023860838264e-03,5.024078000000e-03,2.030029000000e-09,312,264,0
2026-05-07T18:25:26.172+00:00,25.345857,1,5.023664794862e-03,5.024283000000e-03,2.032886000000e-09,312,264,0
2026-05-07T18:25:26.702+00:00,25.982974,1,5.024529993534e-03,5.024426000000e-03,1.987755000000e-09,312,264,0
2026-05-07T18:25:27.268+00:00,26.500883,1,5.024022888392e-03,5.024449000000e-03,1.985877000000e-09,312,264,0
2026-05-07T18:25:27.972+00:00,27.021648,1,5.024823825806e-03,5.024783000000e-03,2.043550000000e-09,312,264,0
2026-05-07T18:25:28.647+00:00,27.768486,1,5.025552120060e-03,5.024685000000e-03,2.075895000000e-09,312,264,0
2026-05-07T18:25:29.227+00:00,28.405066,1,5.024651065469e-03,5.024323000000e-03,2.059110000000e-09,312,264,0
2026-05-07T18:25:29.796+00:00,29.028259,1,5.024469923228e-03,5.024839000000e-03,2.014414000000e-09,312,264,0
2026-05-07T18:25:30.480+00:00,29.547726,1,5.024855025113e-03,5.024023000000e-03,1.989876000000e-09,312,264,0
2026-05-07T18:25:30.704+00:00,30.294874,1,5.024609155953e-03,5.024855000000e-03,1.982069000000e-09,312,264,0
2026-05-07T18:25:31.004+00:00,30.461551,1,5.024719052017e-03,5.024713000000e-03,1.982504000000e-09,312,264,0
2026-05-07T18:25:31.142+00:00,30.761610,1,5.024828016758e-03,5.024311000000e-03,1.983946000000e-09,312,264,0
2026-05-07T18:25:31.295+00:00,30.901767,1,5.024876911193e-03,5.024630000000e-03,1.982858000000e-09,312,264,0
2026-05-07T18:25:31.441+00:00,31.050149,1,5.024735815823e-03,5.024472000000e-03,1.990693000000e-09,312,264,0
2026-05-07T18:25:31.576+00:00,31.212306,1,5.024758167565e-03,5.024700000000e-03,1.996868000000e-09,312,264,0
2026-05-07T18:25:31.765+00:00,31.352572,1,5.024534184486e-03,5.024664000000e-03,2.008838000000e-09,312,264,0
2026-05-07T18:25:31.949+00:00,31.532840,1,5.024962127209e-03,5.025139000000e-03,2.011585000000e-09,312,264,0
2026-05-07T18:25:32.128+00:00,31.704018,1,5.025006830692e-03,5.025126000000e-03,2.002418000000e-09,312,264,0
2026-05-07T18:25:32.258+00:00,31.883609,1,5.024761892855e-03,5.024824000000e-03,2.003397000000e-09,312,264,0
2026-05-07T18:25:32.483+00:00,32.022535,1,5.025307182223e-03,5.025235000000e-03,2.010905000000e-09,312,264,0
2026-05-07T18:25:32.667+00:00,32.285407,1,5.025262013078e-03,5.025173000000e-03,2.011612000000e-09,312,264,0
2026-05-07T18:25:32.825+00:00,32.430261,1,5.025079008192e-03,5.025288000000e-03,2.011857000000e-09,312,264,0
2026-05-07T18:25:32.964+00:00,32.583831,1,5.025267135352e-03,5.025118000000e-03,2.016536000000e-09,312,264,0
2026-05-07T18:25:33.090+00:00,32.726635,1,5.023770034313e-03,5.023663000000e-03,2.019801000000e-09,312,264,0
2026-05-07T18:25:33.231+00:00,32.867798,1,5.024761892855e-03,5.024858000000e-03,2.022902000000e-09,312,264,0
2026-05-07T18:25:33.515+00:00,32.986562,1,5.024925805628e-03,5.024815000000e-03,2.017761000000e-09,312,264,0
2026-05-07T18:25:33.652+00:00,33.280717,1,5.024889018387e-03,5.024815000000e-03,2.016727000000e-09,312,264,0
2026-05-07T18:25:33.809+00:00,33.420006,1,5.024881102145e-03,5.024964000000e-03,2.018250000000e-09,312,264,0
2026-05-07T18:25:34.047+00:00,33.573287,1,5.025493912399e-03,5.024915000000e-03,2.022032000000e-09,312,264,0
2026-05-07T18:25:34.210+00:00,33.836212,1,5.024314858019e-03,5.024270000000e-03,2.027500000000e-09,312,264,0
2026-05-07T18:25:34.440+00:00,33.974157,1,5.024484824389e-03,5.024285000000e-03,2.037429000000e-09,312,264,0
2026-05-07T18:25:34.844+00:00,34.222445,1,5.024639889598e-03,5.024572000000e-03,2.050541000000e-09,312,264,0
2026-05-07T18:25:35.406+00:00,34.615809,1,5.024977028370e-03,5.024200000000e-03,2.036205000000e-09,312,264,0
2026-05-07T18:25:35.957+00:00,35.223377,1,5.024177953601e-03,5.024245000000e-03,2.025595000000e-09,312,264,0
2026-05-07T18:25:36.419+00:00,35.736195,1,5.024249199778e-03,5.023923000000e-03,2.037565000000e-09,312,264,0
2026-05-07T18:25:36.954+00:00,36.174113,1,5.024907179177e-03,5.024123000000e-03,2.029866000000e-09,312,264,0
2026-05-07T18:25:37.543+00:00,36.718048,1,5.024701822549e-03,5.024745000000e-03,1.989632000000e-09,312,264,0
2026-05-07T18:25:38.118+00:00,37.353656,1,5.024356767535e-03,5.024732000000e-03,1.991998000000e-09,312,264,0
2026-05-07T18:25:38.642+00:00,37.880501,1,5.024701822549e-03,5.024530000000e-03,1.995861000000e-09,312,264,0
2026-05-07T18:25:39.064+00:00,38.398480,1,5.024615209550e-03,5.024048000000e-03,1.983701000000e-09,312,264,0
2026-05-07T18:25:39.756+00:00,38.881475,1,5.023969803005e-03,5.024177000000e-03,2.010035000000e-09,312,264,0
2026-05-07T18:25:40.459+00:00,39.520246,1,5.023565143347e-03,5.024557000000e-03,2.034872000000e-09,312,264,0
2026-05-07T18:25:41.128+00:00,40.214508,1,5.024780984968e-03,5.024609000000e-03,2.034736000000e-09,312,264,0
2026-05-07T18:25:41.730+00:00,40.883883,1,5.024196114391e-03,5.024685000000e-03,2.002309000000e-09,312,264,0
2026-05-07T18:25:42.318+00:00,41.522202,1,5.024800077081e-03,5.023891000000e-03,1.972874000000e-09,312,264,0
2026-05-07T18:25:42.758+00:00,42.077236,1,5.024162121117e-03,5.024377000000e-03,1.975350000000e-09,312,264,0
2026-05-07T18:25:43.377+00:00,42.513009,1,5.023838020861e-03,5.024253000000e-03,1.966182000000e-09,312,264,0
2026-05-07T18:25:43.985+00:00,43.151669,1,5.024563986808e-03,5.024313000000e-03,1.959354000000e-09,312,264,0
2026-05-07T18:25:44.646+00:00,43.791468,1,5.024000070989e-03,5.023936000000e-03,1.942895000000e-09,312,264,0
2026-05-07T18:25:45.263+00:00,44.430307,1,5.024590995163e-03,5.024153000000e-03,1.941372000000e-09,312,264,0
2026-05-07T18:25:45.933+00:00,45.068405,1,5.024215206504e-03,5.024502000000e-03,1.944419000000e-09,312,264,0
2026-05-07T18:25:46.458+00:00,45.705447,1,5.024714861065e-03,5.024379000000e-03,1.957613000000e-09,312,264,0
2026-05-07T18:25:46.995+00:00,46.218065,1,5.023922771215e-03,5.024625000000e-03,1.939794000000e-09,312,264,0
2026-05-07T18:25:47.135+00:00,46.756167,1,5.024317186326e-03,5.024566000000e-03,1.935605000000e-09,312,264,0
2026-05-07T18:25:47.270+00:00,46.897106,1,5.024975165725e-03,5.024866000000e-03,1.939576000000e-09,312,264,0
2026-05-07T18:25:47.506+00:00,47.025262,1,5.025087855756e-03,5.024672000000e-03,1.948282000000e-09,312,264,0
2026-05-07T18:25:47.709+00:00,47.261915,1,5.024249199778e-03,5.024311000000e-03,1.953967000000e-09,312,264,0
2026-05-07T18:25:47.868+00:00,47.495097,1,5.024627782404e-03,5.024394000000e-03,1.957096000000e-09,312,264,0
2026-05-07T18:25:48.018+00:00,47.637581,1,5.023978184909e-03,5.024104000000e-03,1.967080000000e-09,312,264,0
2026-05-07T18:25:48.166+00:00,47.787529,1,5.025099031627e-03,5.024830000000e-03,1.972248000000e-09,312,264,0
2026-05-07T18:25:48.297+00:00,47.928769,1,5.024923942983e-03,5.024700000000e-03,1.974914000000e-09,312,264,0
2026-05-07T18:25:48.426+00:00,48.053490,1,5.024211015552e-03,5.024178000000e-03,1.975867000000e-09,312,264,0
2026-05-07T18:25:48.563+00:00,48.189711,1,5.024518817663e-03,5.024935000000e-03,1.980600000000e-09,312,264,0
2026-05-07T18:25:48.779+00:00,48.331683,1,5.024624988437e-03,5.024979000000e-03,1.988462000000e-09,312,264,0
2026-05-07T18:25:48.967+00:00,48.579445,1,5.024894140661e-03,5.024251000000e-03,1.997548000000e-09,312,264,0
2026-05-07T18:25:49.105+00:00,48.735005,1,5.023763049394e-03,5.024055000000e-03,2.003043000000e-09,312,264,0
2026-05-07T18:25:49.283+00:00,48.873684,1,5.023705773056e-03,5.024336000000e-03,2.010905000000e-09,312,264,0
2026-05-07T18:25:49.459+00:00,49.039380,1,5.024842917919e-03,5.024336000000e-03,2.012728000000e-09,312,264,0
2026-05-07T18:25:49.601+00:00,49.214086,1,5.024006124586e-03,5.024042000000e-03,2.016999000000e-09,312,264,0
2026-05-07T18:25:49.730+00:00,49.356867,1,5.024075973779e-03,5.024213000000e-03,2.025078000000e-09,312,264,0
2026-05-07T18:25:49.968+00:00,49.499414,1,5.023774225265e-03,5.024130000000e-03,2.026792000000e-09,312,264,0
2026-05-07T18:25:50.109+00:00,49.747188,1,5.024873185903e-03,5.024981000000e-03,2.024344000000e-09,312,264,0
2026-05-07T18:25:50.263+00:00,49.889682,1,5.024170037359e-03,5.024117000000e-03,2.022440000000e-09,312,264,0
2026-05-07T18:25:50.515+00:00,50.031656,1,5.023721139878e-03,5.023022000000e-03,2.011830000000e-09,312,264,0
2026-05-07T18:25:50.656+00:00,50.277421,1,5.023680161685e-03,5.023840000000e-03,2.004131000000e-09,312,264,0
2026-05-07T18:25:50.799+00:00,50.416375,1,5.023817997426e-03,5.023580000000e-03,1.996677000000e-09,312,264,0
2026-05-07T18:25:50.938+00:00,50.551801,1,5.023732781410e-03,5.023995000000e-03,1.992951000000e-09,312,264,0
2026-05-07T18:25:51.079+00:00,50.693756,1,5.023596808314e-03,5.023431000000e-03,1.996297000000e-09,312,264,0
2026-05-07T18:25:51.248+00:00,50.849291,1,5.023466888815e-03,5.023463000000e-03,1.999806000000e-09,312,264,0
2026-05-07T18:25:51.378+00:00,51.003825,1,5.023531150073e-03,5.023753000000e-03,2.003723000000e-09,312,264,0
2026-05-07T18:25:51.842+00:00,51.142054,1,5.023745819926e-03,5.025100000000e-03,2.020291000000e-09,312,264,0
2026-05-07T18:25:52.406+00:00,51.655855,1,5.024847108871e-03,5.025465000000e-03,2.020019000000e-09,312,264,0
2026-05-07T18:25:52.860+00:00,52.170636,1,5.025155842304e-03,5.025852000000e-03,2.030084000000e-09,312,264,0
2026-05-07T18:25:53.288+00:00,52.627598,1,5.024581216276e-03,5.024681000000e-03,2.023310000000e-09,312,264,0
2026-05-07T18:25:53.904+00:00,53.044530,1,5.024261772633e-03,5.024251000000e-03,2.012619000000e-09,312,264,0
2026-05-07T18:25:54.509+00:00,53.687432,1,5.024521145970e-03,5.024653000000e-03,2.007450000000e-09,312,264,0
2026-05-07T18:25:55.222+00:00,54.294525,1,5.025080870837e-03,5.024911000000e-03,1.998718000000e-09,312,264,0
2026-05-07T18:25:55.882+00:00,54.982624,1,5.024957936257e-03,5.025118000000e-03,1.978342000000e-09,312,264,0
2026-05-07T18:25:56.529+00:00,55.653162,1,5.025077145547e-03,5.024785000000e-03,1.971541000000e-09,312,264,0
2026-05-07T18:25:57.152+00:00,56.290989,1,5.024808924645e-03,5.024659000000e-03,1.966073000000e-09,312,264,0
2026-05-07T18:25:57.767+00:00,56.926577,1,5.024388898164e-03,5.024304000000e-03,1.975894000000e-09,312,264,0
2026-05-07T18:25:58.328+00:00,57.563354,1,5.024847108871e-03,5.024928000000e-03,2.016020000000e-09,312,264,0
2026-05-07T18:25:58.935+00:00,58.084473,1,5.024798214436e-03,5.024317000000e-03,2.069720000000e-09,312,264,0
2026-05-07T18:25:59.452+00:00,58.723301,1,5.024143029004e-03,5.024298000000e-03,2.098502000000e-09,312,264,0
2026-05-07T18:26:00.046+00:00,59.235637,1,5.024264100939e-03,5.024100000000e-03,2.073338000000e-09,312,264,0
2026-05-07T18:26:00.571+00:00,59.798034,1,5.024385172874e-03,5.024864000000e-03,2.054214000000e-09,312,264,0
2026-05-07T18:26:00.990+00:00,60.326782,1,5.024205893278e-03,5.024234000000e-03,2.041238000000e-09,312,264,0
2026-05-07T18:26:01.587+00:00,60.749703,1,5.023987032473e-03,5.024255000000e-03,2.016890000000e-09,312,264,0
2026-05-07T18:26:02.147+00:00,61.379487,1,5.025031976402e-03,5.024364000000e-03,2.011830000000e-09,312,264,0
2026-05-07T18:26:02.751+00:00,61.898282,1,5.023904144764e-03,5.023940000000e-03,2.014714000000e-09,312,264,0
2026-05-07T18:26:03.184+00:00,62.510884,1,5.024280864745e-03,5.024053000000e-03,2.011422000000e-09,312,264,0
2026-05-07T18:26:03.379+00:00,62.999102,1,5.024434067309e-03,5.024596000000e-03,2.001737000000e-09,312,264,0
2026-05-07T18:26:03.519+00:00,63.137857,1,5.024605896324e-03,5.024253000000e-03,1.995263000000e-09,312,264,0
2026-05-07T18:26:03.654+00:00,63.282393,1,5.024751182646e-03,5.025052000000e-03,1.989278000000e-09,312,264,0
2026-05-07T18:26:03.938+00:00,63.422261,1,5.024557001889e-03,5.024219000000e-03,1.977390000000e-09,312,264,0
2026-05-07T18:26:04.064+00:00,63.694364,1,5.024407058954e-03,5.024485000000e-03,1.976411000000e-09,312,264,0
2026-05-07T18:26:04.284+00:00,63.833163,1,5.024773068726e-03,5.024485000000e-03,1.983729000000e-09,312,264,0
2026-05-07T18:26:04.487+00:00,64.097569,1,5.023863166571e-03,5.024051000000e-03,1.992053000000e-09,312,264,0
2026-05-07T18:26:04.624+00:00,64.245139,1,5.023947916925e-03,5.023897000000e-03,1.992298000000e-09,312,264,0
2026-05-07T18:26:04.757+00:00,64.384592,1,5.023870151490e-03,5.024238000000e-03,1.998065000000e-09,312,264,0
2026-05-07T18:26:04.902+00:00,64.522917,1,5.023987032473e-03,5.024170000000e-03,1.997249000000e-09,312,264,0
2026-05-07T18:26:05.038+00:00,64.662179,1,5.024422891438e-03,5.024430000000e-03,1.996922000000e-09,312,264,0
2026-05-07T18:26:05.208+00:00,64.815683,1,5.023888777941e-03,5.023742000000e-03,1.998745000000e-09,312,264,0
2026-05-07T18:26:05.417+00:00,64.967748,1,5.023659206927e-03,5.023882000000e-03,2.000867000000e-09,312,264,0
2026-05-07T18:26:05.609+00:00,65.231152,1,5.024021025747e-03,5.024008000000e-03,2.002445000000e-09,312,264,0
2026-05-07T18:26:05.757+00:00,65.374693,1,5.023872014135e-03,5.024611000000e-03,1.998119000000e-09,312,264,0
2026-05-07T18:26:05.900+00:00,65.518162,1,5.024059209973e-03,5.024221000000e-03,2.000187000000e-09,312,264,0
2026-05-07T18:26:06.168+00:00,65.656009,1,5.024223122746e-03,5.024287000000e-03,2.010960000000e-09,312,264,0
2026-05-07T18:26:06.305+00:00,65.924524,1,5.024419166148e-03,5.024664000000e-03,2.014714000000e-09,312,264,0
2026-05-07T18:26:06.544+00:00,66.065057,1,5.024813115597e-03,5.024939000000e-03,2.020209000000e-09,312,264,0
2026-05-07T18:26:06.690+00:00,66.313775,1,5.025011021644e-03,5.024506000000e-03,2.033348000000e-09,312,264,0
2026-05-07T18:26:06.816+00:00,66.456684,1,5.024652928114e-03,5.024545000000e-03,2.042162000000e-09,312,264,0
2026-05-07T18:26:06.952+00:00,66.567418,1,5.024848971516e-03,5.024483000000e-03,2.042924000000e-09,312,264,0
2026-05-07T18:26:07.091+00:00,66.721443,1,5.024978891015e-03,5.025024000000e-03,2.037429000000e-09,312,264,0
2026-05-07T18:26:07.263+00:00,66.858380,1,5.025465041399e-03,5.025019000000e-03,2.029458000000e-09,312,264,0
2026-05-07T18:26:07.417+00:00,67.022865,1,5.024900194257e-03,5.024696000000e-03,2.021678000000e-09,312,264,0
2026-05-07T18:26:07.767+00:00,67.172900,1,5.024395883083e-03,5.024591000000e-03,2.000296000000e-09,312,264,0
2026-05-07T18:26:08.366+00:00,67.557740,1,5.025201011449e-03,5.024225000000e-03,1.977444000000e-09,312,264,0
2026-05-07T18:26:08.931+00:00,68.126078,1,5.025043152273e-03,5.024894000000e-03,1.995426000000e-09,312,264,0
2026-05-07T18:26:09.487+00:00,68.687248,1,5.025118123740e-03,5.024755000000e-03,2.025677000000e-09,312,264,0
2026-05-07T18:26:10.012+00:00,69.250042,1,5.024686921388e-03,5.024402000000e-03,2.019175000000e-09,312,264,0
2026-05-07T18:26:10.571+00:00,69.767896,1,5.024252925068e-03,5.024973000000e-03,2.004539000000e-09,312,264,0
2026-05-07T18:26:11.164+00:00,70.374347,1,5.024523008615e-03,5.025045000000e-03,1.996542000000e-09,312,264,0
2026-05-07T18:26:11.788+00:00,70.919960,1,5.024701822549e-03,5.024504000000e-03,1.997630000000e-09,312,264,0
2026-05-07T18:26:12.301+00:00,71.555302,1,5.024590063840e-03,5.025337000000e-03,2.004567000000e-09,312,264,0
2026-05-07T18:26:12.699+00:00,72.066497,1,5.025180988014e-03,5.025211000000e-03,2.013979000000e-09,312,264,0
2026-05-07T18:26:13.332+00:00,72.455380,1,5.024876911193e-03,5.025092000000e-03,2.031499000000e-09,312,264,0
2026-05-07T18:26:13.890+00:00,73.093105,1,5.025583785027e-03,5.025316000000e-03,2.043359000000e-09,312,264,0
2026-05-07T18:26:14.398+00:00,73.650089,1,5.024385172874e-03,5.024704000000e-03,2.043577000000e-09,312,264,0
2026-05-07T18:26:14.798+00:00,74.168059,1,5.024816840887e-03,5.024434000000e-03,2.048229000000e-09,312,264,0
2026-05-07T18:26:15.366+00:00,74.549382,1,5.024059209973e-03,5.024258000000e-03,2.034409000000e-09,312,264,0
2026-05-07T18:26:15.920+00:00,75.122695,1,5.024586804211e-03,5.023410000000e-03,2.029649000000e-09,312,264,0
2026-05-07T18:26:16.490+00:00,75.672960,1,5.024562124163e-03,5.024119000000e-03,2.043604000000e-09,312,264,0
2026-05-07T18:26:17.094+00:00,76.280009,1,5.024536047131e-03,5.024381000000e-03,2.047631000000e-09,312,264,0
2026-05-07T18:26:17.693+00:00,76.853285,1,5.024813115597e-03,5.024777000000e-03,2.041809000000e-09,312,264,0
2026-05-07T18:26:18.223+00:00,77.492142,1,5.024605896324e-03,5.024048000000e-03,2.025650000000e-09,312,264,0
2026-05-07T18:26:18.746+00:00,78.005378,1,5.024746991694e-03,5.024342000000e-03,2.040449000000e-09,312,264,0
2026-05-07T18:26:18.887+00:00,78.518565,1,5.023886915296e-03,5.023921000000e-03,2.043903000000e-09,312,264,0
2026-05-07T18:26:19.014+00:00,78.659511,1,5.024466197938e-03,5.024510000000e-03,2.045590000000e-09,312,264,0
2026-05-07T18:26:19.161+00:00,78.786561,1,5.024497862905e-03,5.024217000000e-03,2.042271000000e-09,312,264,0
2026-05-07T18:26:19.718+00:00,78.930422,1,5.024835933000e-03,5.024153000000e-03,2.025704000000e-09,312,264,0
2026-05-07T18:26:20.159+00:00,79.477489,1,5.025030113757e-03,5.024662000000e-03,2.018740000000e-09,312,264,0
2026-05-07T18:26:20.341+00:00,79.974165,1,5.024929996580e-03,5.025141000000e-03,2.029866000000e-09,312,264,0
2026-05-07T18:26:20.492+00:00,80.112380,1,5.024181213230e-03,5.024340000000e-03,2.033892000000e-09,312,264,0
2026-05-07T18:26:20.622+00:00,80.255351,1,5.024320911616e-03,5.024187000000e-03,2.028697000000e-09,312,264,0
2026-05-07T18:26:20.767+00:00,80.386780,1,5.023899022490e-03,5.024308000000e-03,2.028615000000e-09,312,264,0
2026-05-07T18:26:20.898+00:00,80.524239,1,5.023991223425e-03,5.024211000000e-03,2.027717000000e-09,312,264,0
2026-05-07T18:26:21.050+00:00,80.667732,1,5.024270154536e-03,5.024566000000e-03,2.023228000000e-09,312,264,0
2026-05-07T18:26:21.286+00:00,80.805600,1,5.024654790759e-03,5.024832000000e-03,2.008022000000e-09,312,264,0
2026-05-07T18:26:21.451+00:00,81.068999,1,5.024627782404e-03,5.024357000000e-03,1.997276000000e-09,312,264,0
2026-05-07T18:26:21.591+00:00,81.211944,1,5.024544894695e-03,5.024694000000e-03,1.997167000000e-09,312,264,0
2026-05-07T18:26:21.795+00:00,81.358775,1,5.024658050388e-03,5.023981000000e-03,1.999779000000e-09,312,264,0
2026-05-07T18:26:21.960+00:00,81.554003,1,5.024047102779e-03,5.024085000000e-03,1.999860000000e-09,312,264,0
2026-05-07T18:26:22.077+00:00,81.712033,1,5.023897159845e-03,5.023906000000e-03,2.003234000000e-09,312,264,0
2026-05-07T18:26:22.209+00:00,81.846417,1,5.023426841944e-03,5.023389000000e-03,2.006199000000e-09,312,264,0
2026-05-07T18:26:22.545+00:00,81.989312,1,5.023994948715e-03,5.024153000000e-03,2.015475000000e-09,312,264,0
2026-05-07T18:26:22.781+00:00,82.346950,1,5.024102050811e-03,5.024178000000e-03,2.018685000000e-09,312,264,0
2026-05-07T18:26:23.486+00:00,82.549307,1,5.024326033890e-03,5.023493000000e-03,2.032532000000e-09,312,264,0
2026-05-07T18:26:24.131+00:00,83.241606,1,5.023454781622e-03,5.024839000000e-03,2.014197000000e-09,312,264,0
2026-05-07T18:26:24.703+00:00,83.893894,1,5.024450831115e-03,5.023629000000e-03,1.971650000000e-09,312,264,0
2026-05-07T18:26:25.204+00:00,84.465688,1,5.023451056331e-03,5.023308000000e-03,1.971541000000e-09,312,264,0
2026-05-07T18:26:25.596+00:00,84.978544,1,5.023447796702e-03,5.024268000000e-03,1.967542000000e-09,312,264,0
2026-05-07T18:26:26.172+00:00,85.368968,1,5.024021025747e-03,5.024781000000e-03,1.936448000000e-09,312,264,0
2026-05-07T18:26:26.701+00:00,85.933692,1,5.024356767535e-03,5.024364000000e-03,1.919146000000e-09,312,264,0
2026-05-07T18:26:27.270+00:00,86.456622,1,5.024609155953e-03,5.023957000000e-03,1.950240000000e-09,312,264,0
2026-05-07T18:26:27.823+00:00,87.026949,1,5.024497862905e-03,5.024191000000e-03,1.958211000000e-09,312,264,0
2026-05-07T18:26:28.379+00:00,87.585668,1,5.023727193475e-03,5.024562000000e-03,1.972031000000e-09,312,264,0
2026-05-07T18:26:28.801+00:00,88.135654,1,5.023897159845e-03,5.023852000000e-03,1.961231000000e-09,312,264,0
2026-05-07T18:26:29.451+00:00,88.615213,1,5.024636164308e-03,5.023936000000e-03,1.956905000000e-09,312,264,0
2026-05-07T18:26:30.117+00:00,89.253362,1,5.024447105825e-03,5.024178000000e-03,2.001193000000e-09,312,264,0
2026-05-07T18:26:30.735+00:00,89.890463,1,5.023872014135e-03,5.023499000000e-03,2.012320000000e-09,312,264,0
2026-05-07T18:26:31.336+00:00,90.528820,1,5.023248028010e-03,5.023642000000e-03,2.026765000000e-09,312,264,0
2026-05-07T18:26:31.935+00:00,91.096197,1,5.022951867431e-03,5.023793000000e-03,2.017543000000e-09,312,264,0
2026-05-07T18:26:32.552+00:00,91.739973,1,5.022625904530e-03,5.023178000000e-03,2.013000000000e-09,312,264,0
2026-05-07T18:26:33.219+00:00,92.346807,1,5.023472011089e-03,5.023314000000e-03,2.033484000000e-09,312,264,0
2026-05-07T18:26:33.887+00:00,92.990556,1,5.023149773479e-03,5.022976000000e-03,2.033729000000e-09,312,264,0
2026-05-07T18:26:34.392+00:00,93.643252,1,5.022862926126e-03,5.023812000000e-03,2.035633000000e-09,312,264,0
2026-05-07T18:26:34.850+00:00,94.158745,1,5.023119971156e-03,5.023729000000e-03,2.038789000000e-09,312,264,0
2026-05-07T18:26:35.278+00:00,94.658892,1,5.023451987654e-03,5.023733000000e-03,2.036504000000e-09,312,264,0
2026-05-07T18:26:35.407+00:00,95.033077,1,5.023160949349e-03,5.023072000000e-03,2.036640000000e-09,312,264,0
2026-05-07T18:26:35.553+00:00,95.181057,1,5.022684112191e-03,5.022697000000e-03,2.029322000000e-09,312,264,0
2026-05-07T18:26:35.706+00:00,95.326883,1,5.022909026593e-03,5.022971000000e-03,2.025078000000e-09,312,264,0
2026-05-07T18:26:36.030+00:00,95.467956,1,5.023115780205e-03,5.022965000000e-03,2.024017000000e-09,312,264,0
2026-05-07T18:26:36.223+00:00,95.854970,1,5.023168865591e-03,5.023237000000e-03,2.022331000000e-09,312,264,0
2026-05-07T18:26:36.431+00:00,95.994384,1,5.022678058594e-03,5.023227000000e-03,2.028016000000e-09,312,264,0
2026-05-07T18:26:36.609+00:00,96.194725,1,5.022430792451e-03,5.022633000000e-03,2.035606000000e-09,312,264,0
2026-05-07T18:26:36.751+00:00,96.364341,1,5.023140925914e-03,5.023378000000e-03,2.040993000000e-09,312,264,0
2026-05-07T18:26:36.882+00:00,96.511173,1,5.024022888392e-03,5.023514000000e-03,2.039497000000e-09,312,264,0
2026-05-07T18:26:37.035+00:00,96.663695,1,5.023901816458e-03,5.024113000000e-03,2.034736000000e-09,312,264,0
2026-05-07T18:26:37.248+00:00,96.802062,1,5.023175850511e-03,5.023486000000e-03,2.033104000000e-09,312,264,0
2026-05-07T18:26:37.538+00:00,97.078009,1,5.023643840104e-03,5.023784000000e-03,2.028044000000e-09,312,264,0
2026-05-07T18:26:37.788+00:00,97.344952,1,5.024184938520e-03,5.024002000000e-03,2.017325000000e-09,312,264,0
2026-05-07T18:26:37.969+00:00,97.595419,1,5.023119971156e-03,5.022814000000e-03,2.004159000000e-09,312,264,0
2026-05-07T18:26:38.095+00:00,97.728606,1,5.022834986448e-03,5.022665000000e-03,1.999670000000e-09,312,264,0
2026-05-07T18:26:38.278+00:00,97.863815,1,5.023538134992e-03,5.023193000000e-03,2.006008000000e-09,312,264,0
2026-05-07T18:26:38.443+00:00,98.037562,1,5.023228935897e-03,5.023195000000e-03,2.009219000000e-09,312,264,0
2026-05-07T18:26:38.751+00:00,98.198077,1,5.023411940783e-03,5.022380000000e-03,2.013625000000e-09,312,264,0
2026-05-07T18:26:39.247+00:00,98.512614,1,5.023572128266e-03,5.022673000000e-03,2.023419000000e-09,312,264,0
2026-05-07T18:26:39.901+00:00,99.001637,1,5.023500882089e-03,5.023054000000e-03,1.995861000000e-09,312,264,0
2026-05-07T18:26:40.508+00:00,99.657042,1,5.022870842367e-03,5.022058000000e-03,2.016536000000e-09,312,264,0
2026-05-07T18:26:41.130+00:00,100.297925,1,5.022149998695e-03,5.022401000000e-03,2.006063000000e-09,312,264,0
2026-05-07T18:26:41.739+00:00,100.919568,1,5.022896919399e-03,5.022580000000e-03,1.977662000000e-09,312,264,0
2026-05-07T18:26:42.350+00:00,101.493650,1,5.022414028645e-03,5.022495000000e-03,1.982776000000e-09,312,264,0
2026-05-07T18:26:43.077+00:00,102.133012,1,5.022464785725e-03,5.022456000000e-03,1.995453000000e-09,312,264,0
2026-05-07T18:26:43.736+00:00,102.837360,1,5.022585857660e-03,5.022533000000e-03,2.044284000000e-09,312,264,0
2026-05-07T18:26:44.413+00:00,103.490770,1,5.022678058594e-03,5.022228000000e-03,2.048147000000e-09,312,264,0
2026-05-07T18:26:45.061+00:00,104.168060,1,5.022386088967e-03,5.022818000000e-03,2.014442000000e-09,312,264,0
2026-05-07T18:26:45.776+00:00,104.813974,1,5.022346042097e-03,5.022924000000e-03,2.035851000000e-09,312,264,0
2026-05-07T18:26:46.391+00:00,105.577278,1,5.021973047405e-03,5.022533000000e-03,2.018413000000e-09,312,264,0
2026-05-07T18:26:46.991+00:00,106.147119,1,5.022520199418e-03,5.022665000000e-03,1.990285000000e-09,312,264,0
2026-05-07T18:26:47.717+00:00,106.788114,1,5.022786092013e-03,5.022461000000e-03,2.010089000000e-09,312,264,0
2026-05-07T18:26:48.437+00:00,107.472265,1,5.022622179240e-03,5.022988000000e-03,2.037429000000e-09,312,264,0
2026-05-07T18:26:49.202+00:00,108.233940,1,5.023732781410e-03,5.022924000000e-03,2.043223000000e-09,312,264,0
2026-05-07T18:26:49.816+00:00,108.998726,1,5.023444071412e-03,5.023525000000e-03,2.018033000000e-09,312,264,0
2026-05-07T18:26:50.364+00:00,109.576073,1,5.023221950978e-03,5.022897000000e-03,2.008919000000e-09,312,264,0
2026-05-07T18:26:50.773+00:00,110.124702,1,5.022548139095e-03,5.022999000000e-03,2.009246000000e-09,312,264,0
2026-05-07T18:26:51.350+00:00,110.528212,1,5.023549776524e-03,5.023687000000e-03,1.980518000000e-09,312,264,0
2026-05-07T18:26:51.580+00:00,111.166533,1,5.023160949349e-03,5.022965000000e-03,1.972983000000e-09,312,264,0
2026-05-07T18:26:51.831+00:00,111.342613,1,5.023336969316e-03,5.023007000000e-03,1.982695000000e-09,312,264,0
2026-05-07T18:26:52.077+00:00,111.604793,1,5.023390986025e-03,5.023457000000e-03,2.000241000000e-09,312,264,0
2026-05-07T18:26:52.363+00:00,111.868209,1,5.023178178817e-03,5.023210000000e-03,2.015149000000e-09,312,264,0
2026-05-07T18:26:52.523+00:00,112.131073,1,5.023113917559e-03,5.022197000000e-03,2.027799000000e-09,312,264,0
2026-05-07T18:26:52.661+00:00,112.279132,1,5.022752098739e-03,5.023565000000e-03,2.034001000000e-09,312,264,0
2026-05-07T18:26:52.788+00:00,112.419063,1,5.023878067732e-03,5.023874000000e-03,2.036259000000e-09,312,264,0
2026-05-07T18:26:52.947+00:00,112.573151,1,5.023702979088e-03,5.023429000000e-03,2.037810000000e-09,312,264,0
2026-05-07T18:26:53.165+00:00,112.712508,1,5.023732781410e-03,5.023533000000e-03,2.041482000000e-09,312,264,0
2026-05-07T18:26:53.351+00:00,112.976896,1,5.023661069572e-03,5.023746000000e-03,2.043931000000e-09,312,264,0
2026-05-07T18:26:53.486+00:00,113.119948,1,5.023957230151e-03,5.023859000000e-03,2.037891000000e-09,312,264,0
2026-05-07T18:26:53.619+00:00,113.245665,1,5.023072008044e-03,5.023718000000e-03,2.026602000000e-09,312,264,0
2026-05-07T18:26:53.739+00:00,113.372037,1,5.023499019444e-03,5.023384000000e-03,2.018957000000e-09,312,264,0
2026-05-07T18:26:53.979+00:00,113.511402,1,5.023364908993e-03,5.023578000000e-03,2.012483000000e-09,312,264,0
2026-05-07T18:26:54.213+00:00,113.774604,1,5.023003090173e-03,5.022893000000e-03,2.005764000000e-09,312,264,0
2026-05-07T18:26:54.421+00:00,113.968786,1,5.022421944886e-03,5.022288000000e-03,2.004295000000e-09,312,264,0
2026-05-07T18:26:54.639+00:00,114.233243,1,5.022793076932e-03,5.023014000000e-03,2.012102000000e-09,312,264,0
2026-05-07T18:26:54.764+00:00,114.395407,1,5.023113917559e-03,5.023148000000e-03,2.014904000000e-09,312,264,0
2026-05-07T18:26:54.909+00:00,114.532667,1,5.023146048188e-03,5.022880000000e-03,2.017570000000e-09,312,264,0
2026-05-07T18:26:55.086+00:00,114.671583,1,5.022557917982e-03,5.022712000000e-03,2.023963000000e-09,312,264,0
2026-05-07T18:26:55.720+00:00,114.850292,1,5.022752098739e-03,5.022312000000e-03,2.002662000000e-09,312,264,0
2026-05-07T18:26:56.321+00:00,115.493622,1,5.022433120757e-03,5.022663000000e-03,1.976411000000e-09,312,264,0
2026-05-07T18:26:56.837+00:00,116.101176,1,5.022557917982e-03,5.022346000000e-03,1.988544000000e-09,312,264,0
2026-05-07T18:26:57.268+00:00,116.614068,1,5.022631026804e-03,5.022855000000e-03,1.989985000000e-09,312,264,0
2026-05-07T18:26:57.926+00:00,117.020998,1,5.022201221436e-03,5.022154000000e-03,2.005546000000e-09,312,264,0
2026-05-07T18:26:58.575+00:00,117.678101,1,5.022217985243e-03,5.021775000000e-03,1.999888000000e-09,312,264,0
2026-05-07T18:26:59.297+00:00,118.334481,1,5.022355820984e-03,5.021788000000e-03,2.009001000000e-09,312,264,0
2026-05-07T18:26:59.920+00:00,119.083374,1,5.022461991757e-03,5.021743000000e-03,2.033430000000e-09,312,264,0
2026-05-07T18:27:00.477+00:00,119.721922,1,5.021527875215e-03,5.021788000000e-03,2.030818000000e-09,312,264,0
2026-05-07T18:27:01.083+00:00,120.234710,1,5.020887125283e-03,5.021773000000e-03,2.002118000000e-09,312,264,0
2026-05-07T18:27:01.691+00:00,120.873065,1,5.021234042943e-03,5.021321000000e-03,1.997303000000e-09,312,264,0
2026-05-07T18:27:02.288+00:00,121.447145,1,5.021582823247e-03,5.020710000000e-03,2.024154000000e-09,312,264,0
2026-05-07T18:27:02.885+00:00,122.086198,1,5.020477809012e-03,5.021155000000e-03,2.023664000000e-09,312,264,0
2026-05-07T18:27:03.472+00:00,122.636894,1,5.021117161959e-03,5.021079000000e-03,2.032424000000e-09,312,264,0
2026-05-07T18:27:04.068+00:00,123.278913,1,5.021065007895e-03,5.020885000000e-03,2.040585000000e-09,312,264,0
2026-05-07T18:27:04.664+00:00,123.822488,1,5.020540207624e-03,5.020536000000e-03,1.998555000000e-09,312,264,0
2026-05-07T18:27:05.313+00:00,124.462636,1,5.020801909268e-03,5.020561000000e-03,2.007151000000e-09,312,264,0
2026-05-07T18:27:05.974+00:00,125.106193,1,5.020840093493e-03,5.020191000000e-03,2.034954000000e-09,312,264,0
2026-05-07T18:27:06.637+00:00,125.730354,1,5.020387005061e-03,5.020272000000e-03,2.008838000000e-09,312,264,0
2026-05-07T18:27:07.181+00:00,126.396912,1,5.020704120398e-03,5.019976000000e-03,2.004676000000e-09,312,264,0
2026-05-07T18:27:07.319+00:00,126.936588,1,5.020088981837e-03,5.020118000000e-03,2.009436000000e-09,312,264,0
2026-05-07T18:27:07.464+00:00,127.086169,1,5.020236130804e-03,5.019969000000e-03,2.018876000000e-09,312,264,0
2026-05-07T18:27:07.624+00:00,127.228446,1,5.019546020776e-03,5.019540000000e-03,2.019012000000e-09,312,264,0
2026-05-07T18:27:07.748+00:00,127.379516,1,5.019937176257e-03,5.019569000000e-03,2.018332000000e-09,312,264,0
2026-05-07T18:27:08.029+00:00,127.525110,1,5.020025186241e-03,5.020297000000e-03,2.012483000000e-09,312,264,0
2026-05-07T18:27:08.171+00:00,127.785526,1,5.020028911531e-03,5.020003000000e-03,2.003995000000e-09,312,264,0
2026-05-07T18:27:08.419+00:00,127.926809,1,5.020579788834e-03,5.020687000000e-03,1.990937000000e-09,312,264,0
2026-05-07T18:27:08.601+00:00,128.178569,1,5.020007025450e-03,5.019954000000e-03,1.986231000000e-09,312,264,0
2026-05-07T18:27:08.745+00:00,128.369983,1,5.019987933338e-03,5.020159000000e-03,1.979403000000e-09,312,264,0
2026-05-07T18:27:08.891+00:00,128.512486,1,5.020068958402e-03,5.020189000000e-03,1.973282000000e-09,312,264,0
2026-05-07T18:27:09.137+00:00,128.660024,1,5.020143929869e-03,5.019590000000e-03,1.973010000000e-09,312,264,0
2026-05-07T18:27:09.350+00:00,128.922904,1,5.019722972065e-03,5.019869000000e-03,1.970943000000e-09,312,264,0
2026-05-07T18:27:09.487+00:00,129.118352,1,5.019921809435e-03,5.019631000000e-03,1.972221000000e-09,312,264,0
2026-05-07T18:27:09.706+00:00,129.256573,1,5.019559990615e-03,5.019622000000e-03,1.976438000000e-09,312,264,0
2026-05-07T18:27:09.901+00:00,129.519393,1,5.019816104323e-03,5.020050000000e-03,1.982314000000e-09,312,264,0
2026-05-07T18:27:10.153+00:00,129.657077,1,5.020266864449e-03,5.020610000000e-03,1.981035000000e-09,312,264,0
2026-05-07T18:27:10.311+00:00,129.919817,1,5.020556971431e-03,5.020555000000e-03,1.984164000000e-09,312,264,0
2026-05-07T18:27:10.562+00:00,130.066362,1,5.020888987929e-03,5.019997000000e-03,1.985578000000e-09,312,264,0
2026-05-07T18:27:10.797+00:00,130.330293,1,5.019928794354e-03,5.020310000000e-03,1.988924000000e-09,312,264,0
2026-05-07T18:27:11.090+00:00,130.594439,1,5.020027048886e-03,5.020089000000e-03,2.002064000000e-09,312,264,0
2026-05-07T18:27:11.228+00:00,130.857859,1,5.020040087402e-03,5.020353000000e-03,2.012701000000e-09,312,264,0
2026-05-07T18:27:11.357+00:00,130.996762,1,5.020018201321e-03,5.019880000000e-03,2.016781000000e-09,312,264,0
2026-05-07T18:27:11.512+00:00,131.139341,1,5.019960924983e-03,5.019967000000e-03,2.019583000000e-09,312,264,0
2026-05-07T18:27:11.627+00:00,131.270091,1,5.019937176257e-03,5.019993000000e-03,2.019583000000e-09,312,264,0
2026-05-07T18:27:11.774+00:00,131.412534,1,5.019270814955e-03,5.019588000000e-03,2.022821000000e-09,312,264,0
2026-05-07T18:27:11.915+00:00,131.539444,1,5.020007025450e-03,5.019663000000e-03,2.023501000000e-09,312,264,0
2026-05-07T18:27:12.024+00:00,131.669305,1,5.019003059715e-03,5.019335000000e-03,2.018985000000e-09,312,264,0
2026-05-07T18:27:12.178+00:00,131.812715,1,5.019211210310e-03,5.019356000000e-03,2.009300000000e-09,312,264,0
2026-05-07T18:27:12.299+00:00,131.946525,1,5.019866861403e-03,5.019597000000e-03,2.008375000000e-09,312,264,0
2026-05-07T18:27:12.454+00:00,132.085458,1,5.019295960665e-03,5.019578000000e-03,2.003043000000e-09,312,264,0
2026-05-07T18:27:12.591+00:00,132.221811,1,5.019980017096e-03,5.020033000000e-03,1.997140000000e-09,312,264,0
2026-05-07T18:27:12.735+00:00,132.363116,1,5.019714124501e-03,5.019411000000e-03,1.985905000000e-09,312,264,0
2026-05-07T18:27:13.332+00:00,132.496549,1,5.020145792514e-03,5.019758000000e-03,1.989360000000e-09,312,264,0
2026-05-07T18:27:13.986+00:00,133.135064,1,5.019657779485e-03,5.020163000000e-03,1.993141000000e-09,312,264,0
2026-05-07T18:27:14.552+00:00,133.773333,1,5.020359065384e-03,5.020053000000e-03,1.996677000000e-09,312,264,0
2026-05-07T18:27:15.108+00:00,134.304425,1,5.020014010370e-03,5.019303000000e-03,2.011504000000e-09,312,264,0
2026-05-07T18:27:15.549+00:00,134.865543,1,5.019479896873e-03,5.018871000000e-03,2.014686000000e-09,312,264,0
2026-05-07T18:27:16.278+00:00,135.304833,1,5.018441006541e-03,5.019390000000e-03,2.019257000000e-09,312,264,0
2026-05-07T18:27:16.944+00:00,136.067608,1,5.019791889936e-03,5.018043000000e-03,2.036885000000e-09,312,264,0
2026-05-07T18:27:17.541+00:00,136.706350,1,5.018622148782e-03,5.017610000000e-03,2.031363000000e-09,312,264,0
2026-05-07T18:27:18.103+00:00,137.343760,1,5.017952993512e-03,5.017383000000e-03,1.982831000000e-09,312,264,0
2026-05-07T18:27:18.686+00:00,137.858075,1,5.017792806029e-03,5.017331000000e-03,1.988217000000e-09,312,264,0
2026-05-07T18:27:19.362+00:00,138.496543,1,5.017600022256e-03,5.018104000000e-03,1.989332000000e-09,312,264,0
2026-05-07T18:27:19.964+00:00,139.139485,1,5.018094088882e-03,5.018272000000e-03,1.997113000000e-09,312,264,0
2026-05-07T18:27:20.564+00:00,139.746387,1,5.018625874072e-03,5.017943000000e-03,2.022603000000e-09,312,264,0
2026-05-07T18:27:21.142+00:00,140.321289,1,5.017998162657e-03,5.018573000000e-03,2.027037000000e-09,312,264,0
2026-05-07T18:27:22.100+00:00,140.964655,1,5.018983967602e-03,5.018200000000e-03,2.043876000000e-09,312,264,0
2026-05-07T18:27:22.711+00:00,141.860016,1,5.018536001444e-03,5.018213000000e-03,2.042217000000e-09,312,264,0
2026-05-07T18:27:23.230+00:00,142.498318,1,5.017758812755e-03,5.017939000000e-03,2.026030000000e-09,312,264,0
2026-05-07T18:27:23.550+00:00,143.011666,1,5.017839837819e-03,5.017587000000e-03,2.019202000000e-09,312,264,0
2026-05-07T18:27:23.676+00:00,143.307715,1,5.017877090722e-03,5.018034000000e-03,2.013925000000e-09,312,264,0
2026-05-07T18:27:23.839+00:00,143.460248,1,5.018285010010e-03,5.017979000000e-03,2.010497000000e-09,312,264,0
2026-05-07T18:27:23.973+00:00,143.599189,1,5.017628893256e-03,5.017983000000e-03,2.005981000000e-09,312,264,0
2026-05-07T18:27:24.118+00:00,143.741103,1,5.017777904868e-03,5.017740000000e-03,2.004648000000e-09,312,264,0
2026-05-07T18:27:24.255+00:00,143.874523,1,5.017525050789e-03,5.017408000000e-03,2.001792000000e-09,312,264,0
2026-05-07T18:27:24.391+00:00,144.012882,1,5.017458926886e-03,5.017508000000e-03,1.996460000000e-09,312,264,0
2026-05-07T18:27:24.544+00:00,144.152218,1,5.017342045903e-03,5.017229000000e-03,1.991618000000e-09,312,264,0
2026-05-07T18:27:24.661+00:00,144.296145,1,5.017361138016e-03,5.017527000000e-03,1.990665000000e-09,312,264,0
2026-05-07T18:27:24.925+00:00,144.413246,1,5.016896873713e-03,5.017244000000e-03,1.989387000000e-09,312,264,0
2026-05-07T18:27:25.065+00:00,144.685231,1,5.017688963562e-03,5.017427000000e-03,1.981688000000e-09,312,264,0
2026-05-07T18:27:25.191+00:00,144.822083,1,5.017235875130e-03,5.017508000000e-03,1.973337000000e-09,312,264,0
2026-05-07T18:27:25.319+00:00,144.960516,1,5.016802810133e-03,5.017397000000e-03,1.971895000000e-09,312,264,0
2026-05-07T18:27:25.499+00:00,145.115840,1,5.017256829888e-03,5.017157000000e-03,1.972085000000e-09,312,264,0
2026-05-07T18:27:25.636+00:00,145.254132,1,5.017194896936e-03,5.017340000000e-03,1.975703000000e-09,312,264,0
2026-05-07T18:27:25.864+00:00,145.396636,1,5.017473828048e-03,5.017706000000e-03,1.982586000000e-09,312,264,0
2026-05-07T18:27:26.089+00:00,145.644759,1,5.017538089305e-03,5.017178000000e-03,1.988788000000e-09,312,264,0
2026-05-07T18:27:26.239+00:00,145.845553,1,5.017159041017e-03,5.017006000000e-03,1.992815000000e-09,312,264,0
2026-05-07T18:27:26.432+00:00,145.994386,1,5.016766954213e-03,5.017006000000e-03,1.993767000000e-09,312,264,0
2026-05-07T18:27:26.608+00:00,146.193623,1,5.017329007387e-03,5.016833000000e-03,1.993930000000e-09,312,264,0
2026-05-07T18:27:26.741+00:00,146.363786,1,5.017402116209e-03,5.017489000000e-03,1.989142000000e-09,312,264,0
2026-05-07T18:27:26.907+00:00,146.516782,1,5.017755087465e-03,5.018132000000e-03,1.987700000000e-09,312,264,0
2026-05-07T18:27:27.037+00:00,146.661111,1,5.017747171223e-03,5.017729000000e-03,1.990148000000e-09,312,264,0
2026-05-07T18:27:27.170+00:00,146.788365,1,5.017376039177e-03,5.017361000000e-03,1.992733000000e-09,312,264,0
2026-05-07T18:27:27.325+00:00,146.939887,1,5.017802119255e-03,5.017485000000e-03,1.990366000000e-09,312,264,0
2026-05-07T18:27:27.450+00:00,147.080315,1,5.017470102757e-03,5.016982000000e-03,1.988571000000e-09,312,264,0
2026-05-07T18:27:28.072+00:00,147.218570,1,5.017353221774e-03,5.017123000000e-03,1.991862000000e-09,312,264,0
2026-05-07T18:27:28.584+00:00,147.855806,1,5.017403978854e-03,5.018292000000e-03,2.010388000000e-09,312,264,0
2026-05-07T18:27:29.149+00:00,148.369200,1,5.018027964979e-03,5.017868000000e-03,2.022548000000e-09,312,264,0
2026-05-07T18:27:29.653+00:00,148.904292,1,5.017682909966e-03,5.018281000000e-03,2.019882000000e-09,312,264,0
2026-05-07T18:27:30.198+00:00,149.417096,1,5.018508993089e-03,5.018415000000e-03,2.026711000000e-09,312,264,0
2026-05-07T18:27:30.720+00:00,149.957674,1,5.018674768507e-03,5.017926000000e-03,2.053670000000e-09,312,264,0
2026-05-07T18:27:31.259+00:00,150.475062,1,5.018022842705e-03,5.017817000000e-03,2.053615000000e-09,312,264,0
2026-05-07T18:27:31.822+00:00,151.015156,1,5.018013063818e-03,5.017834000000e-03,2.029730000000e-09,312,264,0
2026-05-07T18:27:32.504+00:00,151.577251,1,5.017423070967e-03,5.016722000000e-03,2.012728000000e-09,312,264,0
2026-05-07T18:27:33.109+00:00,152.259813,1,5.016598850489e-03,5.017728000000e-03,2.018849000000e-09,312,264,0
2026-05-07T18:27:33.673+00:00,152.902976,1,5.017181858420e-03,5.017510000000e-03,2.032913000000e-09,312,264,0
2026-05-07T18:27:34.238+00:00,153.428386,1,5.017411895096e-03,5.016850000000e-03,2.043849000000e-09,312,264,0
2026-05-07T18:27:34.673+00:00,153.993154,1,5.016847979277e-03,5.015956000000e-03,2.047141000000e-09,312,264,0
2026-05-07T18:27:35.263+00:00,154.474568,1,5.016921088099e-03,5.017285000000e-03,2.048555000000e-09,312,264,0
2026-05-07T18:27:35.824+00:00,155.019169,1,5.017017014325e-03,5.017018000000e-03,2.043332000000e-09,312,264,0
2026-05-07T18:27:36.442+00:00,155.578597,1,5.017423070967e-03,5.016840000000e-03,2.024181000000e-09,312,264,0
2026-05-07T18:27:37.085+00:00,156.217346,1,5.017423070967e-03,5.016686000000e-03,2.052255000000e-09,312,264,0
2026-05-07T18:27:37.618+00:00,156.856659,1,5.017491057515e-03,5.017182000000e-03,2.031335000000e-09,312,264,0
2026-05-07T18:27:38.286+00:00,157.372785,1,5.016716197133e-03,5.016369000000e-03,2.005600000000e-09,312,264,0
2026-05-07T18:27:39.021+00:00,158.058325,1,5.016663111746e-03,5.016384000000e-03,2.005981000000e-09,312,264,0
2026-05-07T18:27:39.296+00:00,158.791677,1,5.016542039812e-03,5.016375000000e-03,1.994202000000e-09,312,264,0
2026-05-07T18:27:39.780+00:00,159.056567,1,5.016386043280e-03,5.016135000000e-03,1.995807000000e-09,312,264,0
2026-05-07T18:27:39.932+00:00,159.534971,1,5.016806069762e-03,5.017151000000e-03,1.989278000000e-09,312,264,0
2026-05-07T18:27:40.081+00:00,159.700664,1,5.017470102757e-03,5.017372000000e-03,1.993794000000e-09,312,264,0
2026-05-07T18:27:40.217+00:00,159.840543,1,5.016412120312e-03,5.016228000000e-03,1.995943000000e-09,312,264,0
2026-05-07T18:27:40.542+00:00,159.983789,1,5.016312003136e-03,5.016529000000e-03,1.997983000000e-09,312,264,0
2026-05-07T18:27:40.720+00:00,160.340933,1,5.016312934458e-03,5.016335000000e-03,1.997058000000e-09,312,264,0
2026-05-07T18:27:41.031+00:00,160.474357,1,5.016321782023e-03,5.016288000000e-03,1.998691000000e-09,312,264,0
2026-05-07T18:27:41.225+00:00,160.850613,1,5.015762057155e-03,5.015762000000e-03,1.994882000000e-09,312,264,0
2026-05-07T18:27:41.378+00:00,160.996148,1,5.015817005187e-03,5.015835000000e-03,1.992842000000e-09,312,264,0
2026-05-07T18:27:41.532+00:00,161.145626,1,5.015783011913e-03,5.015698000000e-03,1.986639000000e-09,312,264,0
2026-05-07T18:27:41.686+00:00,161.286963,1,5.015490110964e-03,5.015356000000e-03,1.980355000000e-09,312,264,0
2026-05-07T18:27:41.832+00:00,161.445608,1,5.015397910029e-03,5.015254000000e-03,1.977254000000e-09,312,264,0
2026-05-07T18:27:41.951+00:00,161.587937,1,5.015378817916e-03,5.015149000000e-03,1.974343000000e-09,312,264,0
2026-05-07T18:27:42.102+00:00,161.720502,1,5.015582777560e-03,5.015430000000e-03,1.968603000000e-09,312,264,0
2026-05-07T18:27:42.237+00:00,161.873834,1,5.015812814236e-03,5.015469000000e-03,1.962781000000e-09,312,264,0
2026-05-07T18:27:42.486+00:00,162.017817,1,5.014894995838e-03,5.015260000000e-03,1.971759000000e-09,312,264,0
2026-05-07T18:27:42.630+00:00,162.250014,1,5.014894995838e-03,5.014664000000e-03,1.976819000000e-09,312,264,0
2026-05-07T18:27:42.771+00:00,162.387384,1,5.014832131565e-03,5.015405000000e-03,1.985633000000e-09,312,264,0
2026-05-07T18:27:42.911+00:00,162.526846,1,5.015335977077e-03,5.015696000000e-03,1.987455000000e-09,312,264,0
2026-05-07T18:27:43.057+00:00,162.679401,1,5.015572998673e-03,5.015624000000e-03,1.997140000000e-09,312,264,0
2026-05-07T18:27:43.198+00:00,162.822416,1,5.015239119530e-03,5.015964000000e-03,2.010089000000e-09,312,264,0
2026-05-07T18:27:43.347+00:00,162.967494,1,5.016529001296e-03,5.016320000000e-03,2.013109000000e-09,312,264,0
2026-05-07T18:27:43.579+00:00,163.105823,1,5.016185808927e-03,5.016275000000e-03,2.011123000000e-09,312,264,0
2026-05-07T18:27:44.309+00:00,163.373819,1,5.015600007027e-03,5.016077000000e-03,1.991563000000e-09,312,264,0
2026-05-07T18:27:44.960+00:00,164.074870,1,5.015539005399e-03,5.015885000000e-03,1.998555000000e-09,312,264,0
2026-05-07T18:27:45.569+00:00,164.715686,1,5.015611182898e-03,5.015322000000e-03,2.022385000000e-09,312,264,0
2026-05-07T18:27:46.108+00:00,165.329013,1,5.015084985644e-03,5.016358000000e-03,2.014387000000e-09,312,264,0
2026-05-07T18:27:46.640+00:00,165.864378,1,5.016454029828e-03,5.016222000000e-03,2.028642000000e-09,312,264,0
2026-05-07T18:27:47.251+00:00,166.397357,1,5.015735048801e-03,5.016211000000e-03,2.030166000000e-09,312,264,0
2026-05-07T18:27:47.838+00:00,167.007377,1,5.015490110964e-03,5.015730000000e-03,2.020127000000e-09,312,264,0
2026-05-07T18:27:48.382+00:00,167.631630,1,5.016026087105e-03,5.015262000000e-03,2.014768000000e-09,312,264,0
2026-05-07T18:27:48.992+00:00,168.143933,1,5.016648210585e-03,5.015896000000e-03,1.997983000000e-09,312,264,0
2026-05-07T18:27:49.684+00:00,168.779005,1,5.015898030251e-03,5.015173000000e-03,1.979920000000e-09,312,264,0
2026-05-07T18:27:50.344+00:00,169.440034,1,5.015052855015e-03,5.015049000000e-03,1.992325000000e-09,312,264,0
2026-05-07T18:27:50.965+00:00,170.100604,1,5.015260074288e-03,5.016179000000e-03,1.984354000000e-09,312,264,0
2026-05-07T18:27:51.572+00:00,170.738959,1,5.016223993152e-03,5.017065000000e-03,1.971487000000e-09,312,264,0
2026-05-07T18:27:52.237+00:00,171.377277,1,5.016440991312e-03,5.016782000000e-03,1.952743000000e-09,312,264,0
2026-05-07T18:27:52.917+00:00,172.015907,1,5.016086157411e-03,5.016241000000e-03,1.964142000000e-09,312,264,0
2026-05-07T18:27:53.572+00:00,172.672753,1,5.015841219574e-03,5.015498000000e-03,1.972874000000e-09,312,264,0
2026-05-07T18:27:54.169+00:00,173.327664,1,5.015973001719e-03,5.015194000000e-03,1.998854000000e-09,312,264,0
2026-05-07T18:27:54.676+00:00,173.971662,1,5.015232134610e-03,5.014638000000e-03,2.030574000000e-09,312,264,0
2026-05-07T18:27:55.231+00:00,174.455245,1,5.015077069402e-03,5.015441000000e-03,2.041047000000e-09,312,264,0
2026-05-07T18:27:55.374+00:00,175.002222,1,5.014780908823e-03,5.014898000000e-03,2.035443000000e-09,312,264,0
2026-05-07T18:27:55.498+00:00,175.129603,1,5.014775786549e-03,5.014955000000e-03,2.028724000000e-09,312,264,0
2026-05-07T18:27:55.780+00:00,175.255718,1,5.015757866204e-03,5.015677000000e-03,2.025378000000e-09,312,264,0
2026-05-07T18:27:55.915+00:00,175.535714,1,5.014897789806e-03,5.014953000000e-03,2.029322000000e-09,312,264,0
2026-05-07T18:27:56.046+00:00,175.674641,1,5.015174858272e-03,5.015141000000e-03,2.025976000000e-09,312,264,0
2026-05-07T18:27:56.221+00:00,175.811077,1,5.015783011913e-03,5.015924000000e-03,2.015748000000e-09,312,264,0
2026-05-07T18:27:56.633+00:00,175.982799,1,5.016005132347e-03,5.015905000000e-03,2.002853000000e-09,312,264,0
2026-05-07T18:27:56.817+00:00,176.392802,1,5.016126204282e-03,5.016039000000e-03,1.995644000000e-09,312,264,0
2026-05-07T18:27:56.988+00:00,176.585997,1,5.015803035349e-03,5.015939000000e-03,1.992243000000e-09,312,264,0
2026-05-07T18:27:57.107+00:00,176.743460,1,5.016108974814e-03,5.015962000000e-03,1.999017000000e-09,312,264,0
2026-05-07T18:27:57.240+00:00,176.866297,1,5.015911068767e-03,5.015971000000e-03,2.004322000000e-09,312,264,0
2026-05-07T18:27:57.381+00:00,177.009274,1,5.015816073865e-03,5.016286000000e-03,2.004539000000e-09,312,264,0
2026-05-07T18:27:57.679+00:00,177.149476,1,5.016141105443e-03,5.016226000000e-03,2.016074000000e-09,312,264,0
2026-05-07T18:27:57.806+00:00,177.433589,1,5.016406998038e-03,5.016082000000e-03,2.012673000000e-09,312,264,0
2026-05-07T18:27:57.958+00:00,177.561789,1,5.015781149268e-03,5.016201000000e-03,2.006308000000e-09,312,264,0
2026-05-07T18:27:58.094+00:00,177.726795,1,5.016645882279e-03,5.016846000000e-03,1.998827000000e-09,312,264,0
2026-05-07T18:27:58.221+00:00,177.865148,1,5.016508977860e-03,5.016282000000e-03,1.992026000000e-09,312,264,0
2026-05-07T18:27:58.629+00:00,178.003478,1,5.015843082219e-03,5.015549000000e-03,1.986476000000e-09,312,264,0
2026-05-07T18:27:59.062+00:00,178.392360,1,5.016008857638e-03,5.015856000000e-03,1.987510000000e-09,312,264,0
2026-05-07T18:27:59.204+00:00,178.823447,1,5.016477778554e-03,5.016173000000e-03,1.991373000000e-09,312,264,0
2026-05-07T18:27:59.325+00:00,178.962409,1,5.015816073865e-03,5.015941000000e-03,1.995399000000e-09,312,264,0
2026-05-07T18:27:59.465+00:00,179.100815,1,5.016162991524e-03,5.016014000000e-03,1.998419000000e-09,312,264,0
2026-05-07T18:27:59.637+00:00,179.251368,1,5.015394184738e-03,5.015403000000e-03,2.000377000000e-09,312,264,0
2026-05-07T18:27:59.772+00:00,179.393271,1,5.015431903303e-03,5.015024000000e-03,2.005682000000e-09,312,264,0
2026-05-07T18:28:00.011+00:00,179.540133,1,5.015078932047e-03,5.014563000000e-03,2.021134000000e-09,312,264,0
2026-05-07T18:28:00.568+00:00,179.802057,1,5.014801863581e-03,5.015062000000e-03,2.017325000000e-09,312,264,0
2026-05-07T18:28:01.137+00:00,180.328998,1,5.015435162932e-03,5.014945000000e-03,1.994610000000e-09,312,264,0
2026-05-07T18:28:01.644+00:00,180.894612,1,5.015532020479e-03,5.015777000000e-03,1.994556000000e-09,312,264,0
2026-05-07T18:28:02.235+00:00,181.399177,1,5.015804897994e-03,5.015609000000e-03,1.985470000000e-09,312,264,0
2026-05-07T18:28:02.748+00:00,182.037480,1,5.015645176172e-03,5.015822000000e-03,1.990502000000e-09,312,264,0
2026-05-07T18:28:03.377+00:00,182.550543,1,5.015478935093e-03,5.015260000000e-03,2.025568000000e-09,312,264,0
2026-05-07T18:28:03.991+00:00,183.189110,1,5.015530157834e-03,5.015637000000e-03,2.012265000000e-09,312,264,0
2026-05-07T18:28:04.610+00:00,183.750738,1,5.014540161937e-03,5.015145000000e-03,2.011612000000e-09,312,264,0
2026-05-07T18:28:05.263+00:00,184.389537,1,5.014908965677e-03,5.014489000000e-03,2.008647000000e-09,312,264,0
2026-05-07T18:28:05.855+00:00,185.032805,1,5.015050992370e-03,5.015194000000e-03,2.013190000000e-09,312,264,0
2026-05-07T18:28:06.482+00:00,185.640610,1,5.014670081437e-03,5.014781000000e-03,2.008756000000e-09,312,264,0
2026-05-07T18:28:07.103+00:00,186.277159,1,5.014592781663e-03,5.014711000000e-03,2.012265000000e-09,312,264,0
2026-05-07T18:28:07.758+00:00,186.918050,1,5.015015136451e-03,5.014898000000e-03,2.005301000000e-09,312,264,0
2026-05-07T18:28:08.330+00:00,187.541180,1,5.014338064939e-03,5.013714000000e-03,2.038898000000e-09,312,264,0
2026-05-07T18:28:09.031+00:00,188.089308,1,5.014062859118e-03,5.013925000000e-03,2.047277000000e-09,312,264,0
2026-05-07T18:28:09.647+00:00,188.836304,1,5.014156922698e-03,5.013729000000e-03,2.004159000000e-09,312,264,0
2026-05-07T18:28:10.257+00:00,189.406367,1,5.014305934310e-03,5.013904000000e-03,1.957558000000e-09,312,264,0
2026-05-07T18:28:10.873+00:00,190.044661,1,5.013249814510e-03,5.013042000000e-03,1.916508000000e-09,312,264,0
2026-05-07T18:28:11.430+00:00,190.683382,1,5.012933164835e-03,5.012285000000e-03,1.923009000000e-09,312,264,0
2026-05-07T18:28:11.640+00:00,191.189726,1,5.012461915612e-03,5.012769000000e-03,1.917841000000e-09,312,264,0
2026-05-07T18:28:11.828+00:00,191.455777,1,5.012551788241e-03,5.013003000000e-03,1.916861000000e-09,312,264,0
2026-05-07T18:28:11.956+00:00,191.584039,1,5.013572052121e-03,5.013950000000e-03,1.918602000000e-09,312,264,0
2026-05-07T18:28:12.094+00:00,191.707796,1,5.013832822442e-03,5.013833000000e-03,1.919282000000e-09,312,264,0
2026-05-07T18:28:12.529+00:00,191.863331,1,5.013333167881e-03,5.013982000000e-03,1.930109000000e-09,312,264,0
2026-05-07T18:28:12.804+00:00,192.333856,1,5.014615133405e-03,5.014498000000e-03,1.954620000000e-09,312,264,0
2026-05-07T18:28:12.945+00:00,192.564023,1,5.014516878873e-03,5.014244000000e-03,1.965257000000e-09,312,264,0
2026-05-07T18:28:13.081+00:00,192.717847,1,5.013665184379e-03,5.013433000000e-03,1.977880000000e-09,312,264,0
2026-05-07T18:28:13.376+00:00,192.860215,1,5.013247951865e-03,5.013610000000e-03,1.985578000000e-09,312,264,0
2026-05-07T18:28:13.523+00:00,193.137043,1,5.013581831008e-03,5.014006000000e-03,1.991210000000e-09,312,264,0
2026-05-07T18:28:13.661+00:00,193.292542,1,5.013892892748e-03,5.014080000000e-03,1.998555000000e-09,312,264,0
2026-05-07T18:28:13.803+00:00,193.431500,1,5.014211870730e-03,5.014040000000e-03,2.007668000000e-09,312,264,0
2026-05-07T18:28:13.949+00:00,193.569387,1,5.013212095946e-03,5.012903000000e-03,2.011504000000e-09,312,264,0
2026-05-07T18:28:14.210+00:00,193.712409,1,5.012881010771e-03,5.012705000000e-03,2.016074000000e-09,312,264,0
2026-05-07T18:28:14.336+00:00,193.969748,1,5.012489855289e-03,5.012362000000e-03,2.023555000000e-09,312,264,0
2026-05-07T18:28:14.502+00:00,194.109077,1,5.013144109398e-03,5.013095000000e-03,2.029268000000e-09,312,264,0
2026-05-07T18:28:14.633+00:00,194.259667,1,5.012058187276e-03,5.012328000000e-03,2.030574000000e-09,312,264,0
2026-05-07T18:28:14.777+00:00,194.395872,1,5.012912210077e-03,5.012677000000e-03,2.023419000000e-09,312,264,0
2026-05-07T18:28:14.919+00:00,194.534128,1,5.012494046241e-03,5.012624000000e-03,2.018713000000e-09,312,264,0
2026-05-07T18:28:15.069+00:00,194.675990,1,5.012529902160e-03,5.012530000000e-03,2.015992000000e-09,312,264,0
2026-05-07T18:28:15.211+00:00,194.845028,1,5.013355053961e-03,5.013107000000e-03,2.018087000000e-09,312,264,0
2026-05-07T18:28:15.670+00:00,194.984583,1,5.012008827180e-03,5.013169000000e-03,2.021678000000e-09,312,264,0
2026-05-07T18:28:16.450+00:00,195.421151,1,5.013213958591e-03,5.013184000000e-03,2.001520000000e-09,312,264,0
2026-05-07T18:28:17.144+00:00,196.202190,1,5.012703128159e-03,5.013110000000e-03,1.994066000000e-09,312,264,0
2026-05-07T18:28:17.668+00:00,196.949592,1,5.013270769268e-03,5.013178000000e-03,2.006906000000e-09,312,264,0
2026-05-07T18:28:18.172+00:00,197.462900,1,5.013063084334e-03,5.012931000000e-03,2.010035000000e-09,312,264,0
2026-05-07T18:28:18.782+00:00,197.981867,1,5.012327805161e-03,5.012170000000e-03,2.009763000000e-09,312,264,0
2026-05-07T18:28:19.379+00:00,198.574611,1,5.012338981032e-03,5.012909000000e-03,1.971487000000e-09,312,264,0
2026-05-07T18:28:19.908+00:00,199.138367,1,5.012489855289e-03,5.012843000000e-03,1.955980000000e-09,312,264,0
2026-05-07T18:28:20.307+00:00,199.668377,1,5.012570880353e-03,5.012468000000e-03,1.966127000000e-09,312,264,0
2026-05-07T18:28:20.885+00:00,200.076512,1,5.012230016291e-03,5.012096000000e-03,2.000459000000e-09,312,264,0
2026-05-07T18:28:21.490+00:00,200.659291,1,5.011450964957e-03,5.011608000000e-03,2.033430000000e-09,312,264,0
2026-05-07T18:28:22.209+00:00,201.322218,1,5.011518951505e-03,5.011817000000e-03,2.007069000000e-09,312,264,0
2026-05-07T18:28:22.854+00:00,201.968484,1,5.011911038309e-03,5.011295000000e-03,1.983130000000e-09,312,264,0
2026-05-07T18:28:23.511+00:00,202.608561,1,5.010990891606e-03,5.010427000000e-03,2.003370000000e-09,312,264,0
2026-05-07T18:28:24.133+00:00,203.272801,1,5.011050030589e-03,5.011626000000e-03,2.007369000000e-09,312,264,0
2026-05-07T18:28:24.796+00:00,203.910300,1,5.011197179556e-03,5.011973000000e-03,1.991536000000e-09,312,264,0
2026-05-07T18:28:25.399+00:00,204.551990,1,5.011342000216e-03,5.011517000000e-03,1.978560000000e-09,312,264,0
2026-05-07T18:28:25.962+00:00,205.176715,1,5.011415109038e-03,5.010978000000e-03,1.979430000000e-09,312,264,0
2026-05-07T18:28:26.587+00:00,205.720746,1,5.010862834752e-03,5.011585000000e-03,1.955273000000e-09,312,264,0
2026-05-07T18:28:27.199+00:00,206.343461,1,5.011201836169e-03,5.010968000000e-03,1.958918000000e-09,312,264,0
2026-05-07T18:28:27.448+00:00,206.980503,1,5.011023022234e-03,5.011142000000e-03,1.964686000000e-09,312,264,0
2026-05-07T18:28:27.639+00:00,207.244653,1,5.011977162212e-03,5.011711000000e-03,1.968358000000e-09,312,264,0
2026-05-07T18:28:27.772+00:00,207.395078,1,5.011322908103e-03,5.011366000000e-03,1.978723000000e-09,312,264,0
2026-05-07T18:28:27.905+00:00,207.530749,1,5.011396948248e-03,5.011361000000e-03,1.983756000000e-09,312,264,0
2026-05-07T18:28:28.063+00:00,207.687197,1,5.011251196265e-03,5.011319000000e-03,1.991808000000e-09,312,264,0
2026-05-07T18:28:28.193+00:00,207.818372,1,5.011545959860e-03,5.011536000000e-03,1.997983000000e-09,312,264,0
2026-05-07T18:28:28.637+00:00,207.957300,1,5.011586938053e-03,5.011579000000e-03,2.006199000000e-09,312,264,0
2026-05-07T18:28:28.765+00:00,208.392030,1,5.011434201151e-03,5.011123000000e-03,2.006090000000e-09,312,264,0
2026-05-07T18:28:28.896+00:00,208.530448,1,5.010956898332e-03,5.011295000000e-03,2.003234000000e-09,312,264,0
2026-05-07T18:28:29.065+00:00,208.683946,1,5.011055152863e-03,5.011359000000e-03,1.999044000000e-09,312,264,0
2026-05-07T18:28:29.198+00:00,208.822840,1,5.011210218072e-03,5.010946000000e-03,1.996351000000e-09,312,264,0
2026-05-07T18:28:29.418+00:00,208.963913,1,5.011560861021e-03,5.011512000000e-03,1.995045000000e-09,312,264,0
2026-05-07T18:28:29.582+00:00,209.215645,1,5.010555032641e-03,5.010510000000e-03,1.991210000000e-09,312,264,0
2026-05-07T18:28:29.699+00:00,209.340506,1,5.010822787881e-03,5.010780000000e-03,1.985877000000e-09,312,264,0
2026-05-07T18:28:29.912+00:00,209.478830,1,5.010623019189e-03,5.010915000000e-03,1.985170000000e-09,312,264,0
2026-05-07T18:28:30.095+00:00,209.673739,1,5.010621156543e-03,5.011110000000e-03,1.978097000000e-09,312,264,0
2026-05-07T18:28:30.209+00:00,209.850042,1,5.011321045458e-03,5.010910000000e-03,1.971378000000e-09,312,264,0
2026-05-07T18:28:30.478+00:00,210.004502,1,5.011163186282e-03,5.011098000000e-03,1.951356000000e-09,312,264,0
2026-05-07T18:28:30.641+00:00,210.268202,1,5.010465160012e-03,5.010589000000e-03,1.945643000000e-09,312,264,0
2026-05-07T18:28:30.778+00:00,210.410664,1,5.010528955609e-03,5.010940000000e-03,1.940556000000e-09,312,264,0
2026-05-07T18:28:30.962+00:00,210.545606,1,5.011039786041e-03,5.010991000000e-03,1.936557000000e-09,312,264,0
2026-05-07T18:28:31.127+00:00,210.717397,1,5.010326858610e-03,5.010527000000e-03,1.936720000000e-09,312,264,0
2026-05-07T18:28:31.264+00:00,210.888708,1,5.010496824980e-03,5.009926000000e-03,1.936176000000e-09,312,264,0
2026-05-07T18:28:31.380+00:00,211.026961,1,5.010027904063e-03,5.009767000000e-03,1.939576000000e-09,312,264,0
2026-05-07T18:28:32.048+00:00,211.165409,1,5.010065156966e-03,5.009277000000e-03,1.943875000000e-09,312,264,0
2026-05-07T18:28:32.565+00:00,211.803658,1,5.009739194065e-03,5.010310000000e-03,1.968576000000e-09,312,264,0
2026-05-07T18:28:32.998+00:00,212.329599,1,5.009653978050e-03,5.009835000000e-03,1.973146000000e-09,312,264,0
2026-05-07T18:28:33.451+00:00,212.750591,1,5.010012071580e-03,5.009673000000e-03,1.969855000000e-09,312,264,0
2026-05-07T18:28:34.034+00:00,213.254837,1,5.010108929127e-03,5.009905000000e-03,1.952009000000e-09,312,264,0
2026-05-07T18:28:34.642+00:00,213.786723,1,5.009571090341e-03,5.009782000000e-03,1.941127000000e-09,312,264,0
2026-05-07T18:28:35.262+00:00,214.411864,1,5.009802989662e-03,5.010482000000e-03,1.963625000000e-09,312,264,0
2026-05-07T18:28:35.851+00:00,215.036292,1,5.010230932385e-03,5.010550000000e-03,1.963135000000e-09,312,264,0
2026-05-07T18:28:36.373+00:00,215.655009,1,5.009884014726e-03,5.010416000000e-03,1.968521000000e-09,312,264,0
2026-05-07T18:28:37.054+00:00,216.167884,1,5.010127089918e-03,5.009486000000e-03,1.972303000000e-09,312,264,0
2026-05-07T18:28:37.659+00:00,216.824190,1,5.009469110519e-03,5.009658000000e-03,1.979131000000e-09,312,264,0
2026-05-07T18:28:38.155+00:00,217.444629,1,5.009470973164e-03,5.009720000000e-03,1.980274000000e-09,312,264,0
2026-05-07T18:28:38.784+00:00,217.957492,1,5.009332206100e-03,5.009497000000e-03,1.978070000000e-09,312,264,0
2026-05-07T18:28:39.390+00:00,218.604403,1,5.009531043470e-03,5.009313000000e-03,1.963951000000e-09,312,264,0
2026-05-07T18:28:40.043+00:00,219.150275,1,5.008513107896e-03,5.007974000000e-03,1.935632000000e-09,312,264,0
2026-05-07T18:28:40.599+00:00,219.810637,1,5.007777828723e-03,5.008843000000e-03,1.946051000000e-09,312,264,0
2026-05-07T18:28:41.229+00:00,220.351204,1,5.007870029658e-03,5.008806000000e-03,1.935822000000e-09,312,264,0
2026-05-07T18:28:41.854+00:00,220.988318,1,5.008424166590e-03,5.008800000000e-03,1.938788000000e-09,312,264,0
2026-05-07T18:28:42.344+00:00,221.635225,1,5.008467938751e-03,5.008951000000e-03,1.960877000000e-09,312,264,0
2026-05-07T18:28:43.028+00:00,222.147536,1,5.008880980313e-03,5.009239000000e-03,1.993903000000e-09,312,264,0
2026-05-07T18:28:43.580+00:00,222.789426,1,5.009538959712e-03,5.008943000000e-03,1.966971000000e-09,312,264,0
2026-05-07T18:28:44.095+00:00,223.342321,1,5.008503794670e-03,5.009130000000e-03,1.971215000000e-09,312,264,0
2026-05-07T18:28:44.549+00:00,223.854176,1,5.008503794670e-03,5.009130000000e-03,1.983538000000e-09,312,264,0
2026-05-07T18:28:44.763+00:00,224.308090,1,5.009282846004e-03,5.009511000000e-03,1.991373000000e-09,312,264,0
2026-05-07T18:28:44.941+00:00,224.559770,1,5.008656997234e-03,5.008538000000e-03,1.990421000000e-09,312,264,0
2026-05-07T18:28:45.108+00:00,224.697720,1,5.008066073060e-03,5.008632000000e-03,1.977771000000e-09,312,264,0
2026-05-07T18:28:45.247+00:00,224.859333,1,5.008867941797e-03,5.008973000000e-03,1.968821000000e-09,312,264,0
2026-05-07T18:28:45.406+00:00,224.999853,1,5.009078886360e-03,5.008234000000e-03,1.958674000000e-09,312,264,0
2026-05-07T18:28:45.554+00:00,225.165833,1,5.009167827666e-03,5.009320000000e-03,1.952172000000e-09,312,264,0
2026-05-07T18:28:45.692+00:00,225.313900,1,5.009140819311e-03,5.008596000000e-03,1.947819000000e-09,312,264,0
2026-05-07T18:28:45.829+00:00,225.452172,1,5.009093787521e-03,5.008615000000e-03,1.945289000000e-09,312,264,0
2026-05-07T18:28:46.092+00:00,225.593311,1,5.009227897972e-03,5.009296000000e-03,1.956416000000e-09,312,264,0
2026-05-07T18:28:46.218+00:00,225.843269,1,5.008988082409e-03,5.008970000000e-03,1.968113000000e-09,312,264,0
2026-05-07T18:28:46.349+00:00,225.973182,1,5.008331965655e-03,5.008883000000e-03,1.978614000000e-09,312,264,0
2026-05-07T18:28:46.574+00:00,226.115153,1,5.009171087295e-03,5.009330000000e-03,1.986204000000e-09,312,264,0
2026-05-07T18:28:46.835+00:00,226.374035,1,5.008991807699e-03,5.009026000000e-03,1.991046000000e-09,312,264,0
2026-05-07T18:28:47.318+00:00,226.637249,1,5.009102169424e-03,5.009484000000e-03,1.981797000000e-09,312,264,0
2026-05-07T18:28:47.444+00:00,227.078566,1,5.009859800339e-03,5.009641000000e-03,1.982450000000e-09,312,264,0
2026-05-07T18:28:47.920+00:00,227.199898,1,5.009357817471e-03,5.010152000000e-03,1.981879000000e-09,312,264,0
2026-05-07T18:28:48.518+00:00,227.711992,1,5.009124055505e-03,5.009041000000e-03,1.984354000000e-09,312,264,0
2026-05-07T18:28:49.090+00:00,228.286127,1,5.008777137846e-03,5.009728000000e-03,1.966372000000e-09,312,264,0
2026-05-07T18:28:49.582+00:00,228.894232,1,5.009240936488e-03,5.009416000000e-03,1.946078000000e-09,312,264,0
2026-05-07T18:28:50.113+00:00,229.340647,1,5.009084939957e-03,5.009234000000e-03,1.948173000000e-09,312,264,0
2026-05-07T18:28:50.661+00:00,229.867455,1,5.008311010897e-03,5.009007000000e-03,1.968957000000e-09,312,264,0
2026-05-07T18:28:51.065+00:00,230.418433,1,5.008442793041e-03,5.008992000000e-03,1.972003000000e-09,312,264,0
2026-05-07T18:28:51.624+00:00,230.825776,1,5.008532200009e-03,5.008340000000e-03,1.970861000000e-09,312,264,0
2026-05-07T18:28:52.259+00:00,231.384500,1,5.008994136006e-03,5.007508000000e-03,1.946894000000e-09,312,264,0
2026-05-07T18:28:52.918+00:00,232.036869,1,5.007834173739e-03,5.007655000000e-03,1.924288000000e-09,312,264,0
2026-05-07T18:28:53.577+00:00,232.672453,1,5.007328931242e-03,5.007346000000e-03,1.918929000000e-09,312,264,0
2026-05-07T18:28:54.280+00:00,233.339854,1,5.006324034184e-03,5.006809000000e-03,1.945099000000e-09,312,264,0
2026-05-07T18:28:54.886+00:00,234.033174,1,5.006609018892e-03,5.006422000000e-03,1.980845000000e-09,312,264,0
2026-05-07T18:28:55.497+00:00,234.668766,1,5.006555933505e-03,5.006122000000e-03,1.969882000000e-09,312,264,0
2026-05-07T18:28:56.119+00:00,235.304050,1,5.007022991776e-03,5.006963000000e-03,1.961557000000e-09,312,264,0
2026-05-07T18:28:56.678+00:00,235.871839,1,5.007088184357e-03,5.007453000000e-03,1.980818000000e-09,312,264,0
2026-05-07T18:28:57.197+00:00,236.446449,1,5.007042083889e-03,5.006584000000e-03,1.973527000000e-09,312,264,0
2026-05-07T18:28:57.643+00:00,236.963267,1,5.007029045373e-03,5.006833000000e-03,1.962727000000e-09,312,264,0
2026-05-07T18:28:58.262+00:00,237.460000,1,5.006844177842e-03,5.006701000000e-03,1.954593000000e-09,312,264,0
2026-05-07T18:28:58.788+00:00,238.020741,1,5.006411112845e-03,5.006169000000e-03,1.954756000000e-09,312,264,0
2026-05-07T18:28:59.137+00:00,238.545681,1,5.005745217204e-03,5.005981000000e-03,1.954185000000e-09,312,264,0
2026-05-07T18:28:59.733+00:00,238.936537,1,5.006065126508e-03,5.006156000000e-03,1.946024000000e-09,312,264,0
2026-05-07T18:29:00.224+00:00,239.494113,1,5.005990155041e-03,5.006101000000e-03,1.934979000000e-09,312,264,0
2026-05-07T18:29:00.396+00:00,240.022383,1,5.005919840187e-03,5.006047000000e-03,1.939060000000e-09,312,264,0
2026-05-07T18:29:00.563+00:00,240.175308,1,5.006061866879e-03,5.006260000000e-03,1.953913000000e-09,312,264,0
2026-05-07T18:29:00.692+00:00,240.321363,1,5.006356164813e-03,5.006049000000e-03,1.956497000000e-09,312,264,0
2026-05-07T18:29:00.826+00:00,240.458720,1,5.005859769881e-03,5.006182000000e-03,1.959381000000e-09,312,264,0
2026-05-07T18:29:00.965+00:00,240.601571,1,5.006672814488e-03,5.006928000000e-03,1.960714000000e-09,312,264,0
2026-05-07T18:29:01.185+00:00,240.733982,1,5.006087943912e-03,5.006281000000e-03,1.962428000000e-09,312,264,0
2026-05-07T18:29:01.374+00:00,240.997865,1,5.006507039070e-03,5.006586000000e-03,1.960959000000e-09,312,264,0
2026-05-07T18:29:01.531+00:00,241.147750,1,5.005829967558e-03,5.005268000000e-03,1.948499000000e-09,312,264,0
2026-05-07T18:29:01.723+00:00,241.301528,1,5.006277002394e-03,5.006986000000e-03,1.936258000000e-09,312,264,0
2026-05-07T18:29:01.911+00:00,241.482799,1,5.006356164813e-03,5.005958000000e-03,1.929266000000e-09,312,264,0
2026-05-07T18:29:02.060+00:00,241.666409,1,5.005713086575e-03,5.005696000000e-03,1.926328000000e-09,312,264,0
2026-05-07T18:29:02.191+00:00,241.817471,1,5.005773156881e-03,5.005805000000e-03,1.924315000000e-09,312,264,0
2026-05-07T18:29:02.352+00:00,241.957406,1,5.005605053157e-03,5.006186000000e-03,1.920860000000e-09,312,264,0
2026-05-07T18:29:02.498+00:00,242.111918,1,5.005701910704e-03,5.005730000000e-03,1.922384000000e-09,312,264,0
2026-05-07T18:29:02.795+00:00,242.256497,1,5.006084218621e-03,5.005690000000e-03,1.933265000000e-09,312,264,0
2026-05-07T18:29:02.949+00:00,242.551080,1,5.005944985896e-03,5.005747000000e-03,1.933075000000e-09,312,264,0
2026-05-07T18:29:03.091+00:00,242.709208,1,5.005950108171e-03,5.006154000000e-03,1.934027000000e-09,312,264,0
2026-05-07T18:29:03.206+00:00,242.842166,1,5.006012972444e-03,5.005960000000e-03,1.932340000000e-09,312,264,0
2026-05-07T18:29:03.374+00:00,242.996627,1,5.006202030927e-03,5.006433000000e-03,1.932150000000e-09,312,264,0
2026-05-07T18:29:03.572+00:00,243.135480,1,5.005788058043e-03,5.005900000000e-03,1.926546000000e-09,312,264,0
2026-05-07T18:29:04.304+00:00,243.332141,1,5.006732884794e-03,5.006092000000e-03,1.896485000000e-09,312,264,0
2026-05-07T18:29:04.894+00:00,244.095377,1,5.006453953683e-03,5.006284000000e-03,1.874532000000e-09,312,264,0
2026-05-07T18:29:05.479+00:00,244.650099,1,5.005844868720e-03,5.006065000000e-03,1.877171000000e-09,312,264,0
2026-05-07T18:29:06.080+00:00,245.288835,1,5.006061866879e-03,5.006258000000e-03,1.890038000000e-09,312,264,0
2026-05-07T18:29:06.590+00:00,245.835932,1,5.005992017686e-03,5.006452000000e-03,1.874369000000e-09,312,264,0
2026-05-07T18:29:06.996+00:00,246.350809,1,5.006878171116e-03,5.006292000000e-03,1.878068000000e-09,312,264,0
2026-05-07T18:29:07.560+00:00,246.752225,1,5.006480962038e-03,5.006439000000e-03,1.903096000000e-09,312,264,0
2026-05-07T18:29:08.078+00:00,247.320565,1,5.006310995668e-03,5.005179000000e-03,1.905136000000e-09,312,264,0
2026-05-07T18:29:08.471+00:00,247.834427,1,5.005653016269e-03,5.006020000000e-03,1.900865000000e-09,312,264,0
2026-05-07T18:29:09.075+00:00,248.230919,1,5.005823913962e-03,5.005509000000e-03,1.892187000000e-09,312,264,0
2026-05-07T18:29:09.604+00:00,248.867545,1,5.005630198866e-03,5.005266000000e-03,1.892133000000e-09,312,264,0
2026-05-07T18:29:10.323+00:00,249.381280,1,5.004898179322e-03,5.004898000000e-03,1.892214000000e-09,312,264,0
2026-05-07T18:29:10.919+00:00,250.082577,1,5.005800165236e-03,5.005903000000e-03,1.896975000000e-09,312,264,0
2026-05-07T18:29:11.646+00:00,250.719813,1,5.004833918065e-03,5.005093000000e-03,1.892078000000e-09,312,264,0
2026-05-07T18:29:12.301+00:00,251.400966,1,5.005552899092e-03,5.005100000000e-03,1.895724000000e-09,312,264,0
2026-05-07T18:29:12.959+00:00,252.060430,1,5.005857907236e-03,5.004408000000e-03,1.883972000000e-09,312,264,0
2026-05-07T18:29:13.578+00:00,252.710884,1,5.005630198866e-03,5.005074000000e-03,1.892459000000e-09,312,264,0
2026-05-07T18:29:14.171+00:00,253.350785,1,5.005021113902e-03,5.004827000000e-03,1.885114000000e-09,312,264,0
2026-05-07T18:29:14.745+00:00,253.930703,1,5.004867911339e-03,5.005387000000e-03,1.892704000000e-09,312,264,0
2026-05-07T18:29:15.413+00:00,254.553652,1,5.005483049899e-03,5.005115000000e-03,1.909217000000e-09,312,264,0
2026-05-07T18:29:15.928+00:00,255.192470,1,5.005667917430e-03,5.006152000000e-03,1.896159000000e-09,312,264,0
2026-05-07T18:29:16.085+00:00,255.705650,1,5.005667917430e-03,5.005662000000e-03,1.893575000000e-09,312,264,0
2026-05-07T18:29:16.226+00:00,255.844511,1,5.006209015846e-03,5.006058000000e-03,1.888052000000e-09,312,264,0
2026-05-07T18:29:16.378+00:00,255.982354,1,5.006222054362e-03,5.005496000000e-03,1.884026000000e-09,312,264,0
2026-05-07T18:29:16.514+00:00,256.133455,1,5.005512852222e-03,5.005585000000e-03,1.888841000000e-09,312,264,0
2026-05-07T18:29:16.650+00:00,256.272188,1,5.005165934563e-03,5.005272000000e-03,1.889603000000e-09,312,264,0
2026-05-07T18:29:16.787+00:00,256.409876,1,5.004758946598e-03,5.004582000000e-03,1.888324000000e-09,312,264,0
2026-05-07T18:29:17.032+00:00,256.548926,1,5.005047190934e-03,5.004734000000e-03,1.884162000000e-09,312,264,0
2026-05-07T18:29:17.183+00:00,256.812844,1,5.004718899727e-03,5.004840000000e-03,1.875865000000e-09,312,264,0
2026-05-07T18:29:17.340+00:00,256.955338,1,5.004527047276e-03,5.004734000000e-03,1.871839000000e-09,312,264,0
2026-05-07T18:29:17.588+00:00,257.110211,1,5.004984792322e-03,5.005592000000e-03,1.863405000000e-09,312,264,0
2026-05-07T18:29:17.758+00:00,257.373163,1,5.005384795368e-03,5.005255000000e-03,1.860658000000e-09,312,264,0
2026-05-07T18:29:17.883+00:00,257.517703,1,5.005295854062e-03,5.005475000000e-03,1.862236000000e-09,312,264,0
2026-05-07T18:29:18.035+00:00,257.660688,1,5.004794802517e-03,5.004774000000e-03,1.869744000000e-09,312,264,0
2026-05-07T18:29:18.297+00:00,257.797525,1,5.005369894207e-03,5.005464000000e-03,1.875647000000e-09,312,264,0
2026-05-07T18:29:18.444+00:00,258.061443,1,5.005226936191e-03,5.005430000000e-03,1.874722000000e-09,312,264,0
2026-05-07T18:29:18.569+00:00,258.205284,1,5.005111917853e-03,5.005093000000e-03,1.870995000000e-09,312,264,0
2026-05-07T18:29:18.696+00:00,258.328639,1,5.005049053580e-03,5.005053000000e-03,1.872437000000e-09,312,264,0
2026-05-07T18:29:18.846+00:00,258.467474,1,5.005338229239e-03,5.004880000000e-03,1.870261000000e-09,312,264,0
2026-05-07T18:29:18.995+00:00,258.610509,1,5.005002021790e-03,5.005151000000e-03,1.858890000000e-09,312,264,0
2026-05-07T18:29:19.106+00:00,258.751948,1,5.005015060306e-03,5.005264000000e-03,1.849994000000e-09,312,264,0
2026-05-07T18:29:19.232+00:00,258.873300,1,5.005097016692e-03,5.004631000000e-03,1.840581000000e-09,312,264,0
2026-05-07T18:29:19.494+00:00,259.025324,1,5.004726815969e-03,5.004774000000e-03,1.832311000000e-09,312,264,0
2026-05-07T18:29:20.054+00:00,259.290022,1,5.004838109016e-03,5.004397000000e-03,1.843465000000e-09,312,264,0
2026-05-07T18:29:20.462+00:00,259.813981,1,5.003851838410e-03,5.004314000000e-03,1.870179000000e-09,312,264,0
2026-05-07T18:29:21.076+00:00,260.224422,1,5.004528909922e-03,5.004246000000e-03,1.880707000000e-09,312,264,0
2026-05-07T18:29:21.557+00:00,260.829923,1,5.004261154681e-03,5.004225000000e-03,1.878694000000e-09,312,264,0
2026-05-07T18:29:22.093+00:00,261.344770,1,5.004832055420e-03,5.003903000000e-03,1.885359000000e-09,312,264,0
2026-05-07T18:29:22.498+00:00,261.855126,1,5.003148224205e-03,5.003780000000e-03,1.886502000000e-09,312,264,0
2026-05-07T18:29:23.110+00:00,262.259856,1,5.002613179386e-03,5.003935000000e-03,1.894663000000e-09,312,264,0
2026-05-07T18:29:23.733+00:00,262.899716,1,5.003767088056e-03,5.003939000000e-03,1.887345000000e-09,312,264,0
2026-05-07T18:29:24.346+00:00,263.537767,1,5.003221798688e-03,5.003073000000e-03,1.888515000000e-09,312,264,0
2026-05-07T18:29:24.905+00:00,264.100710,1,5.002206191421e-03,5.002824000000e-03,1.898118000000e-09,312,264,0
2026-05-07T18:29:25.523+00:00,264.661941,1,5.002805031836e-03,5.003190000000e-03,1.888270000000e-09,312,264,0
2026-05-07T18:29:26.074+00:00,265.305401,1,5.003187805414e-03,5.002766000000e-03,1.885305000000e-09,312,264,0
2026-05-07T18:29:26.653+00:00,265.829878,1,5.003315862268e-03,5.002385000000e-03,1.903341000000e-09,312,264,0
2026-05-07T18:29:27.195+00:00,266.468174,1,5.003435071558e-03,5.003030000000e-03,1.914630000000e-09,312,264,0
2026-05-07T18:29:27.792+00:00,266.998058,1,5.003013182431e-03,5.002524000000e-03,1.894037000000e-09,312,264,0
2026-05-07T18:29:28.296+00:00,267.554054,1,5.002182908356e-03,5.002283000000e-03,1.872056000000e-09,312,264,0
2026-05-07T18:29:28.820+00:00,268.072529,1,5.002405960113e-03,5.002262000000e-03,1.894636000000e-09,312,264,0
2026-05-07T18:29:29.229+00:00,268.579735,1,5.001931916922e-03,5.001908000000e-03,1.919228000000e-09,312,264,0
2026-05-07T18:29:29.837+00:00,268.984253,1,5.001936107874e-03,5.003043000000e-03,1.903123000000e-09,312,264,0
2026-05-07T18:29:30.512+00:00,269.622532,1,5.002986174077e-03,5.003235000000e-03,1.896050000000e-09,312,264,0
2026-05-07T18:29:31.116+00:00,270.267484,1,5.002215038985e-03,5.002933000000e-03,1.923254000000e-09,312,264,0
2026-05-07T18:29:31.630+00:00,270.909876,1,5.002235993743e-03,5.001966000000e-03,1.928368000000e-09,312,264,0
2026-05-07T18:29:32.155+00:00,271.412716,1,5.002168007195e-03,5.002421000000e-03,1.901736000000e-09,312,264,0
2026-05-07T18:29:32.284+00:00,271.915025,1,5.002629943192e-03,5.002592000000e-03,1.900974000000e-09,312,264,0
2026-05-07T18:29:32.398+00:00,272.040814,1,5.002182908356e-03,5.002460000000e-03,1.897546000000e-09,312,264,0
2026-05-07T18:29:32.782+00:00,272.179156,1,5.002594087273e-03,5.003203000000e-03,1.893983000000e-09,312,264,0
2026-05-07T18:29:32.936+00:00,272.570077,1,5.002790130675e-03,5.002147000000e-03,1.896757000000e-09,312,264,0
2026-05-07T18:29:33.313+00:00,272.697724,1,5.003483965993e-03,5.003707000000e-03,1.905327000000e-09,312,264,0
2026-05-07T18:29:33.444+00:00,273.072535,1,5.003401078284e-03,5.003529000000e-03,1.904157000000e-09,312,264,0
2026-05-07T18:29:33.565+00:00,273.200295,1,5.002967081964e-03,5.003343000000e-03,1.904102000000e-09,312,264,0
2026-05-07T18:29:33.693+00:00,273.321103,1,5.003401078284e-03,5.003252000000e-03,1.900457000000e-09,312,264,0
2026-05-07T18:29:33.845+00:00,273.459529,1,5.002317018807e-03,5.002270000000e-03,1.907041000000e-09,312,264,0
2026-05-07T18:29:33.980+00:00,273.605100,1,5.001887213439e-03,5.001874000000e-03,1.907285000000e-09,312,264,0
2026-05-07T18:29:34.206+00:00,273.743960,1,5.002480931580e-03,5.002483000000e-03,1.907258000000e-09,312,264,0
2026-05-07T18:29:34.525+00:00,274.008193,1,5.002898164093e-03,5.002645000000e-03,1.900457000000e-09,312,264,0
2026-05-07T18:29:34.668+00:00,274.279462,1,5.003116093576e-03,5.002594000000e-03,1.903586000000e-09,312,264,0
2026-05-07T18:29:34.942+00:00,274.431978,1,5.001915153116e-03,5.001770000000e-03,1.903912000000e-09,312,264,0
2026-05-07T18:29:35.098+00:00,274.697963,1,5.002100020647e-03,5.002456000000e-03,1.900158000000e-09,312,264,0
2026-05-07T18:29:35.236+00:00,274.849922,1,5.002746824175e-03,5.002362000000e-03,1.905816000000e-09,312,264,0
2026-05-07T18:29:35.372+00:00,274.990820,1,5.002399906516e-03,5.002566000000e-03,1.918602000000e-09,312,264,0
2026-05-07T18:29:35.483+00:00,275.126883,1,5.001911893487e-03,5.001781000000e-03,1.931143000000e-09,312,264,0
2026-05-07T18:29:35.654+00:00,275.266339,1,5.002120975405e-03,5.002055000000e-03,1.947194000000e-09,312,264,0
2026-05-07T18:29:35.792+00:00,275.410150,1,5.002203863114e-03,5.002547000000e-03,1.953260000000e-09,312,264,0
2026-05-07T18:29:35.922+00:00,275.548103,1,5.002412945032e-03,5.002679000000e-03,1.960034000000e-09,312,264,0
2026-05-07T18:29:36.332+00:00,275.689013,1,5.002160090953e-03,5.002905000000e-03,1.963407000000e-09,312,264,0
2026-05-07T18:29:36.827+00:00,276.096238,1,5.001905839890e-03,5.001800000000e-03,1.944772000000e-09,312,264,0
2026-05-07T18:29:37.195+00:00,276.594448,1,5.001806188375e-03,5.002083000000e-03,1.935904000000e-09,312,264,0
2026-05-07T18:29:37.818+00:00,276.987350,1,5.001951009035e-03,5.001908000000e-03,1.917895000000e-09,312,264,0
2026-05-07T18:29:38.432+00:00,277.594938,1,5.001437850296e-03,5.001289000000e-03,1.913624000000e-09,312,264,0
2026-05-07T18:29:39.135+00:00,278.233780,1,5.001409910619e-03,5.001072000000e-03,1.925104000000e-09,312,264,0
2026-05-07T18:29:39.840+00:00,278.888069,1,5.001583136618e-03,5.000903000000e-03,1.934435000000e-09,312,264,0
2026-05-07T18:29:40.565+00:00,279.651681,1,5.001354962587e-03,5.001348000000e-03,1.911366000000e-09,312,264,0
2026-05-07T18:29:41.404+00:00,280.321053,1,5.001632031053e-03,5.000167000000e-03,1.913814000000e-09,312,264,0
2026-05-07T18:29:42.194+00:00,281.211846,1,5.001328885555e-03,5.000565000000e-03,1.901600000000e-09,312,264,0
2026-05-07T18:29:42.808+00:00,281.973953,1,5.001313984394e-03,5.001489000000e-03,1.892269000000e-09,312,264,0
2026-05-07T18:29:43.378+00:00,282.613136,1,5.001259036362e-03,5.001204000000e-03,1.907313000000e-09,312,264,0
2026-05-07T18:29:43.807+00:00,283.134547,1,5.001035984606e-03,5.000980000000e-03,1.939196000000e-09,312,264,0
2026-05-07T18:29:44.370+00:00,283.568800,1,5.001058802009e-03,5.001370000000e-03,1.926491000000e-09,312,264,0
2026-05-07T18:29:44.997+00:00,284.126498,1,5.000689998269e-03,5.001406000000e-03,1.882394000000e-09,312,264,0
2026-05-07T18:29:45.662+00:00,284.765108,1,5.000588018447e-03,5.001083000000e-03,1.890283000000e-09,312,264,0
2026-05-07T18:29:46.315+00:00,285.416092,1,5.001228768378e-03,5.001325000000e-03,1.887590000000e-09,312,264,0
2026-05-07T18:29:46.945+00:00,286.086615,1,5.001103971153e-03,5.001097000000e-03,1.889167000000e-09,312,264,0
2026-05-07T18:29:47.539+00:00,286.729578,1,5.001499783248e-03,5.002690000000e-03,1.904075000000e-09,312,264,0
2026-05-07T18:29:48.070+00:00,287.336172,1,5.001579876989e-03,5.001519000000e-03,1.891453000000e-09,312,264,0
2026-05-07T18:29:48.213+00:00,287.848004,1,5.001061130315e-03,5.001359000000e-03,1.890011000000e-09,312,264,0
2026-05-07T18:29:48.370+00:00,288.002544,1,5.001942161471e-03,5.001942000000e-03,1.887019000000e-09,312,264,0
2026-05-07T18:29:48.640+00:00,288.140978,1,5.000899080187e-03,5.000869000000e-03,1.879619000000e-09,312,264,0
2026-05-07T18:29:48.780+00:00,288.404874,1,5.000907927752e-03,5.001278000000e-03,1.882421000000e-09,312,264,0
2026-05-07T18:29:48.913+00:00,288.555950,1,5.000845994800e-03,5.000735000000e-03,1.888895000000e-09,312,264,0
2026-05-07T18:29:49.194+00:00,288.694866,1,5.000452045351e-03,5.000614000000e-03,1.906252000000e-09,312,264,0
2026-05-07T18:29:49.333+00:00,288.960913,1,5.000863224268e-03,5.001310000000e-03,1.912019000000e-09,312,264,0
2026-05-07T18:29:49.447+00:00,289.088681,1,5.000999197364e-03,5.001108000000e-03,1.918684000000e-09,312,264,0
2026-05-07T18:29:49.585+00:00,289.207511,1,5.000897217542e-03,5.000784000000e-03,1.921921000000e-09,312,264,0
2026-05-07T18:29:49.716+00:00,289.353083,1,5.001529119909e-03,5.001646000000e-03,1.926655000000e-09,312,264,0
2026-05-07T18:29:49.864+00:00,289.506640,1,5.002283025533e-03,5.002328000000e-03,1.925512000000e-09,312,264,0
2026-05-07T18:29:50.097+00:00,289.645351,1,5.001869983971e-03,5.001932000000e-03,1.913814000000e-09,312,264,0
2026-05-07T18:29:50.279+00:00,289.905705,1,5.001647863537e-03,5.001229000000e-03,1.907530000000e-09,312,264,0
2026-05-07T18:29:50.502+00:00,290.055072,1,5.001183133572e-03,5.001683000000e-03,1.903830000000e-09,312,264,0
2026-05-07T18:29:50.699+00:00,290.321000,1,5.001325160265e-03,5.000968000000e-03,1.904102000000e-09,312,264,0
2026-05-07T18:29:50.828+00:00,290.459250,1,5.000717937946e-03,5.000754000000e-03,1.901464000000e-09,312,264,0
2026-05-07T18:29:51.057+00:00,290.597457,1,5.001381039619e-03,5.000799000000e-03,1.890501000000e-09,312,264,0
2026-05-07T18:29:51.450+00:00,290.861370,1,5.001006182283e-03,5.001049000000e-03,1.890283000000e-09,312,264,0
2026-05-07T18:29:51.716+00:00,291.250644,1,5.001564044505e-03,5.001732000000e-03,1.892106000000e-09,312,264,0
2026-05-07T18:29:51.970+00:00,291.512573,1,5.001716781408e-03,5.001442000000e-03,1.904783000000e-09,312,264,0
2026-05-07T18:29:52.600+00:00,291.777056,1,5.001716781408e-03,5.001336000000e-03,1.918602000000e-09,312,264,0
2026-05-07T18:29:53.245+00:00,292.415203,1,5.001617129892e-03,4.999875000000e-03,1.921540000000e-09,312,264,0
2026-05-07T18:29:53.814+00:00,293.053851,1,5.000812001526e-03,5.001249000000e-03,1.906605000000e-09,312,264,0
2026-05-07T18:29:54.327+00:00,293.569756,1,5.000987090170e-03,5.000823000000e-03,1.890936000000e-09,312,264,0
2026-05-07T18:29:54.950+00:00,294.086559,1,5.000555887818e-03,5.000805000000e-03,1.875185000000e-09,312,264,0
2026-05-07T18:29:55.609+00:00,294.709986,1,5.000789184123e-03,5.000825000000e-03,1.874477000000e-09,312,264,0
2026-05-07T18:29:56.288+00:00,295.364874,1,5.000283941627e-03,5.000405000000e-03,1.891834000000e-09,312,264,0
2026-05-07T18:29:56.996+00:00,296.044069,1,5.000147968531e-03,4.999647000000e-03,1.909108000000e-09,312,264,0
2026-05-07T18:29:57.584+00:00,296.807645,1,5.000604782254e-03,5.000128000000e-03,1.908999000000e-09,312,264,0
2026-05-07T18:29:58.200+00:00,297.339644,1,5.000561010092e-03,5.000497000000e-03,1.915773000000e-09,312,264,0
2026-05-07T18:29:58.811+00:00,297.964802,1,4.999869037420e-03,4.999901000000e-03,1.928586000000e-09,312,264,0
2026-05-07T18:29:59.373+00:00,298.587213,1,4.999959841371e-03,4.999334000000e-03,1.921078000000e-09,312,264,0
2026-05-07T18:29:59.984+00:00,299.129774,1,4.998917225748e-03,4.998926000000e-03,1.913107000000e-09,312,264,0
2026-05-07T18:30:00.583+00:00,299.769111,1,4.999184980989e-03,4.999051000000e-03,1.916644000000e-09,312,264,0
2026-05-07T18:30:01.202+00:00,300.338975,1,4.998924210668e-03,4.999879000000e-03,1.936747000000e-09,312,264,0
2026-05-07T18:30:01.890+00:00,300.982723,1,5.000226199627e-03,4.999854000000e-03,1.946051000000e-09,312,264,0
2026-05-07T18:30:02.484+00:00,301.645032,1,5.000183824450e-03,4.999820000000e-03,1.945398000000e-09,312,264,0
2026-05-07T18:30:03.000+00:00,302.284371,1,4.998906981200e-03,4.999053000000e-03,1.938434000000e-09,312,264,0
2026-05-07T18:30:03.673+00:00,302.805312,1,4.999308846891e-03,4.999338000000e-03,1.896513000000e-09,312,264,0
2026-05-07T18:30:04.233+00:00,303.444177,1,4.999156109989e-03,4.999028000000e-03,1.889793000000e-09,312,264,0
2026-05-07T18:30:04.441+00:00,303.988778,1,4.998833872378e-03,4.999036000000e-03,1.891153000000e-09,312,264,0
2026-05-07T18:30:04.634+00:00,304.251474,1,4.997869022191e-03,4.998281000000e-03,1.891589000000e-09,312,264,0
2026-05-07T18:30:04.783+00:00,304.394512,1,4.998994059861e-03,4.999166000000e-03,1.891534000000e-09,312,264,0
2026-05-07T18:30:04.926+00:00,304.542578,1,4.998864140362e-03,4.998825000000e-03,1.894499000000e-09,312,264,0
2026-05-07T18:30:05.111+00:00,304.679936,1,4.999516997486e-03,4.999741000000e-03,1.901219000000e-09,312,264,0
2026-05-07T18:30:05.289+00:00,304.870874,1,4.999007098377e-03,4.999215000000e-03,1.906088000000e-09,312,264,0
2026-05-07T18:30:05.471+00:00,305.107637,1,4.999076947570e-03,4.998451000000e-03,1.913433000000e-09,312,264,0
2026-05-07T18:30:05.615+00:00,305.224342,1,4.999408032745e-03,4.999807000000e-03,1.921404000000e-09,312,264,0
2026-05-07T18:30:05.770+00:00,305.386279,1,4.999335855246e-03,4.999366000000e-03,1.923662000000e-09,312,264,0
2026-05-07T18:30:05.909+00:00,305.525710,1,4.999965894967e-03,4.999892000000e-03,1.923961000000e-09,312,264,0
2026-05-07T18:30:06.046+00:00,305.669489,1,4.999844823033e-03,4.999534000000e-03,1.914494000000e-09,312,264,0
2026-05-07T18:30:06.164+00:00,305.797915,1,4.999401979148e-03,4.999194000000e-03,1.909108000000e-09,312,264,0
2026-05-07T18:30:06.288+00:00,305.916205,1,4.999667871743e-03,4.999724000000e-03,1.894146000000e-09,312,264,0
2026-05-07T18:30:06.429+00:00,306.059733,1,4.999293945730e-03,4.998775000000e-03,1.877252000000e-09,312,264,0
2026-05-07T18:30:06.583+00:00,306.188609,1,4.998749122024e-03,4.998791000000e-03,1.864249000000e-09,312,264,0
2026-05-07T18:30:06.697+00:00,306.339179,1,4.998653195798e-03,4.998919000000e-03,1.852959000000e-09,312,264,0
2026-05-07T18:30:06.935+00:00,306.492052,1,4.998702090234e-03,4.998574000000e-03,1.843791000000e-09,312,264,0
2026-05-07T18:30:07.072+00:00,306.690943,1,4.998765885830e-03,4.998353000000e-03,1.838378000000e-09,312,264,0
2026-05-07T18:30:07.231+00:00,306.829407,1,4.998982883990e-03,4.998619000000e-03,1.840745000000e-09,312,264,0
2026-05-07T18:30:07.385+00:00,306.987472,1,4.998798016459e-03,4.999103000000e-03,1.851218000000e-09,312,264,0
2026-05-07T18:30:07.495+00:00,307.139964,1,4.999003838748e-03,4.998845000000e-03,1.850484000000e-09,312,264,0
2026-05-07T18:30:07.643+00:00,307.278903,1,4.998690914363e-03,4.998274000000e-03,1.856224000000e-09,312,264,0
2026-05-07T18:30:07.796+00:00,307.422633,1,4.998601973057e-03,4.998817000000e-03,1.864766000000e-09,312,264,0
2026-05-07T18:30:07.946+00:00,307.565643,1,4.999199882150e-03,4.999017000000e-03,1.863677000000e-09,312,264,0
2026-05-07T18:30:08.145+00:00,307.701400,1,4.999007098377e-03,4.999279000000e-03,1.867051000000e-09,312,264,0
2026-05-07T18:30:08.873+00:00,307.896328,1,4.998846910894e-03,4.999041000000e-03,1.818791000000e-09,312,264,0
2026-05-07T18:30:09.516+00:00,308.659500,1,4.998039919883e-03,4.998687000000e-03,1.803693000000e-09,312,264,0
2026-05-07T18:30:09.984+00:00,309.298324,1,4.998146090657e-03,4.998372000000e-03,1.819226000000e-09,312,264,0
2026-05-07T18:30:10.357+00:00,309.740221,1,4.999010823667e-03,4.999639000000e-03,1.836882000000e-09,312,264,0
2026-05-07T18:30:10.974+00:00,310.129105,1,4.998920951039e-03,4.998954000000e-03,1.856877000000e-09,312,264,0
2026-05-07T18:30:11.536+00:00,310.765954,1,4.998948890716e-03,4.999047000000e-03,1.864086000000e-09,312,264,0
2026-05-07T18:30:12.129+00:00,311.291934,1,4.998224787414e-03,4.998116000000e-03,1.926927000000e-09,312,264,0
2026-05-07T18:30:12.754+00:00,311.928728,1,4.998215008527e-03,4.998396000000e-03,1.939114000000e-09,312,264,0
2026-05-07T18:30:13.412+00:00,312.567060,1,4.997851792723e-03,4.997917000000e-03,1.883210000000e-09,312,264,0
2026-05-07T18:30:14.106+00:00,313.205305,1,4.998352844268e-03,4.997512000000e-03,1.881605000000e-09,312,264,0
2026-05-07T18:30:14.836+00:00,313.877411,1,4.997979849577e-03,4.998331000000e-03,1.852850000000e-09,312,264,0
2026-05-07T18:30:15.498+00:00,314.607513,1,4.997890908271e-03,4.998202000000e-03,1.874287000000e-09,312,264,0
2026-05-07T18:30:16.169+00:00,315.253375,1,4.998016171157e-03,4.997510000000e-03,1.899886000000e-09,312,264,0
2026-05-07T18:30:16.784+00:00,315.922777,1,4.998156800866e-03,4.997672000000e-03,1.903613000000e-09,312,264,0
2026-05-07T18:30:17.693+00:00,316.558593,1,4.997039213777e-03,4.997171000000e-03,1.930735000000e-09,312,264,0
2026-05-07T18:30:18.329+00:00,317.452039,1,4.997604060918e-03,4.997493000000e-03,1.893547000000e-09,312,264,0
2026-05-07T18:30:18.916+00:00,318.084948,1,4.997924901545e-03,4.997145000000e-03,1.874097000000e-09,312,264,0
2026-05-07T18:30:19.531+00:00,318.723271,1,4.997172858566e-03,4.996430000000e-03,1.884026000000e-09,312,264,0
2026-05-07T18:30:20.093+00:00,319.285951,1,4.997085779905e-03,4.996743000000e-03,1.872356000000e-09,312,264,0
2026-05-07T18:30:20.287+00:00,319.908921,1,4.996492061764e-03,4.996877000000e-03,1.863922000000e-09,312,264,0
2026-05-07T18:30:20.405+00:00,320.051868,1,4.997119773179e-03,4.996958000000e-03,1.860114000000e-09,312,264,0
2026-05-07T18:30:20.651+00:00,320.159331,1,4.997281823307e-03,4.996954000000e-03,1.857013000000e-09,312,264,0
2026-05-07T18:30:21.109+00:00,320.422693,1,4.997610114515e-03,4.996954000000e-03,1.841561000000e-09,312,264,0
2026-05-07T18:30:21.620+00:00,320.862002,1,4.997611977160e-03,4.997546000000e-03,1.826789000000e-09,312,264,0
2026-05-07T18:30:21.820+00:00,321.388937,1,4.997286014259e-03,4.997514000000e-03,1.831250000000e-09,312,264,0
2026-05-07T18:30:22.019+00:00,321.575682,1,4.997141193599e-03,4.996975000000e-03,1.837290000000e-09,312,264,0
2026-05-07T18:30:22.169+00:00,321.773863,1,4.997159820050e-03,4.997505000000e-03,1.842241000000e-09,312,264,0
2026-05-07T18:30:22.300+00:00,321.925829,1,4.997213836759e-03,4.997448000000e-03,1.845043000000e-09,312,264,0
2026-05-07T18:30:22.643+00:00,322.069681,1,4.996756091714e-03,4.996937000000e-03,1.842812000000e-09,312,264,0
2026-05-07T18:30:22.797+00:00,322.427240,1,4.997231066227e-03,4.997678000000e-03,1.843275000000e-09,312,264,0
2026-05-07T18:30:23.093+00:00,322.570739,1,4.997543990612e-03,4.997290000000e-03,1.857801000000e-09,312,264,0
2026-05-07T18:30:23.223+00:00,322.853808,1,4.997279029340e-03,4.996956000000e-03,1.861420000000e-09,312,264,0
2026-05-07T18:30:23.360+00:00,322.982523,1,4.996981006116e-03,4.997122000000e-03,1.866888000000e-09,312,264,0
2026-05-07T18:30:23.504+00:00,323.133513,1,4.996524192393e-03,4.996543000000e-03,1.868411000000e-09,312,264,0
2026-05-07T18:30:23.652+00:00,323.272311,1,4.996537230909e-03,4.996701000000e-03,1.869282000000e-09,312,264,0
2026-05-07T18:30:23.777+00:00,323.411472,1,4.996995907277e-03,4.996547000000e-03,1.871866000000e-09,312,264,0
2026-05-07T18:30:23.981+00:00,323.550128,1,4.996770992875e-03,4.996658000000e-03,1.876926000000e-09,312,264,0
2026-05-07T18:30:24.472+00:00,323.737510,1,4.996657837182e-03,4.997164000000e-03,1.872573000000e-09,312,264,0
2026-05-07T18:30:25.132+00:00,324.235503,1,4.997051786631e-03,4.996139000000e-03,1.841506000000e-09,312,264,0
2026-05-07T18:30:25.801+00:00,324.888933,1,4.997132811695e-03,4.996375000000e-03,1.865255000000e-09,312,264,0
2026-05-07T18:30:26.373+00:00,325.561028,1,4.996513016522e-03,4.996384000000e-03,1.894010000000e-09,312,264,0
2026-05-07T18:30:27.032+00:00,326.184977,1,4.995999857783e-03,4.995140000000e-03,1.897274000000e-09,312,264,0
2026-05-07T18:30:27.641+00:00,326.824273,1,4.996780771762e-03,4.995760000000e-03,1.853122000000e-09,312,264,0
2026-05-07T18:30:28.205+00:00,327.401632,1,4.996552132070e-03,4.996213000000e-03,1.873280000000e-09,312,264,0
2026-05-07T18:30:28.609+00:00,327.961844,1,4.996827803552e-03,4.997060000000e-03,1.903096000000e-09,312,264,0
2026-05-07T18:30:29.221+00:00,328.364287,1,4.996548872441e-03,4.997043000000e-03,1.919717000000e-09,312,264,0
2026-05-07T18:30:29.844+00:00,329.003572,1,4.997042939067e-03,4.997231000000e-03,1.897220000000e-09,312,264,0
2026-05-07T18:30:30.543+00:00,329.643347,1,4.996214993298e-03,4.996462000000e-03,1.860413000000e-09,312,264,0
2026-05-07T18:30:31.159+00:00,330.298399,1,4.995878785849e-03,4.996320000000e-03,1.905571000000e-09,312,264,0
2026-05-07T18:30:31.672+00:00,330.933758,1,4.996490199119e-03,4.996409000000e-03,1.935986000000e-09,312,264,0
2026-05-07T18:30:32.071+00:00,331.447547,1,4.996236879379e-03,4.996992000000e-03,1.928178000000e-09,312,264,0
2026-05-07T18:30:32.674+00:00,331.836337,1,4.997135140002e-03,4.996971000000e-03,1.869853000000e-09,312,264,0
2026-05-07T18:30:33.204+00:00,332.474094,1,4.996322095394e-03,4.996832000000e-03,1.861773000000e-09,312,264,0
2026-05-07T18:30:33.772+00:00,332.987696,1,4.996472969651e-03,4.997048000000e-03,1.897383000000e-09,312,264,0
2026-05-07T18:30:34.377+00:00,333.527149,1,4.996769130230e-03,4.996809000000e-03,1.890337000000e-09,312,264,0
2026-05-07T18:30:34.882+00:00,334.164993,1,4.996098112315e-03,4.996658000000e-03,1.876436000000e-09,312,264,0
2026-05-07T18:30:35.605+00:00,334.678263,1,4.996017087251e-03,4.995749000000e-03,1.845696000000e-09,312,264,0
2026-05-07T18:30:36.164+00:00,335.366021,1,4.995563998818e-03,4.995913000000e-03,1.831414000000e-09,312,264,0
2026-05-07T18:30:36.297+00:00,335.920626,1,4.996309056878e-03,4.996396000000e-03,1.826952000000e-09,312,264,0
2026-05-07T18:30:36.445+00:00,336.074466,1,4.996419884264e-03,4.996303000000e-03,1.821838000000e-09,312,264,0
2026-05-07T18:30:36.594+00:00,336.227999,1,4.996059928089e-03,4.996190000000e-03,1.813649000000e-09,312,264,0
2026-05-07T18:30:36.767+00:00,336.371497,1,4.996384028345e-03,4.996730000000e-03,1.814112000000e-09,312,264,0
2026-05-07T18:30:37.234+00:00,336.526539,1,4.996390081942e-03,4.996377000000e-03,1.798252000000e-09,312,264,0
2026-05-07T18:30:37.695+00:00,337.042073,1,4.996031988412e-03,4.996256000000e-03,1.819906000000e-09,312,264,0
2026-05-07T18:30:37.889+00:00,337.450910,1,4.996579140425e-03,4.996022000000e-03,1.844880000000e-09,312,264,0
2026-05-07T18:30:38.344+00:00,337.685077,1,4.995810799301e-03,4.996207000000e-03,1.895561000000e-09,312,264,0
2026-05-07T18:30:38.473+00:00,338.104552,1,4.996006842703e-03,4.996092000000e-03,1.901736000000e-09,312,264,0
2026-05-07T18:30:38.616+00:00,338.247570,1,4.996101837605e-03,4.995774000000e-03,1.896077000000e-09,312,264,0
2026-05-07T18:30:38.759+00:00,338.386968,1,4.995950963348e-03,4.996213000000e-03,1.890283000000e-09,312,264,0
2026-05-07T18:30:38.967+00:00,338.537525,1,4.996065981686e-03,4.996213000000e-03,1.876436000000e-09,312,264,0
2026-05-07T18:30:39.141+00:00,338.727028,1,4.996796138585e-03,4.996816000000e-03,1.875375000000e-09,312,264,0
2026-05-07T18:30:39.333+00:00,338.964282,1,4.996275063604e-03,4.995926000000e-03,1.870587000000e-09,312,264,0
2026-05-07T18:30:39.464+00:00,339.088355,1,4.995673894882e-03,4.995517000000e-03,1.868248000000e-09,312,264,0
2026-05-07T18:30:39.600+00:00,339.227303,1,4.995835945010e-03,4.995615000000e-03,1.860467000000e-09,312,264,0
2026-05-07T18:30:39.824+00:00,339.366259,1,4.995701834559e-03,4.995619000000e-03,1.859189000000e-09,312,264,0
2026-05-07T18:30:40.053+00:00,339.629861,1,4.995761904866e-03,4.995692000000e-03,1.865582000000e-09,312,264,0
2026-05-07T18:30:40.537+00:00,339.809015,1,4.995667841285e-03,4.995549000000e-03,1.873770000000e-09,312,264,0
2026-05-07T18:30:41.107+00:00,340.322857,1,4.995679017156e-03,4.996177000000e-03,1.887263000000e-09,312,264,0
2026-05-07T18:30:41.720+00:00,340.867837,1,4.995617084205e-03,4.994957000000e-03,1.873716000000e-09,312,264,0
2026-05-07T18:30:42.298+00:00,341.507141,1,4.995713010430e-03,4.995666000000e-03,1.868520000000e-09,312,264,0
2026-05-07T18:30:42.946+00:00,342.058778,1,4.995229188353e-03,4.995943000000e-03,1.886774000000e-09,312,264,0
2026-05-07T18:30:43.711+00:00,342.702200,1,4.995573777705e-03,4.995693000000e-03,1.878612000000e-09,312,264,0
2026-05-07T18:30:44.431+00:00,343.465897,1,4.996338859200e-03,4.996294000000e-03,1.870968000000e-09,312,264,0
2026-05-07T18:30:45.074+00:00,344.233701,1,4.996236879379e-03,4.996375000000e-03,1.838296000000e-09,312,264,0
2026-05-07T18:30:45.653+00:00,344.842101,1,4.996518138796e-03,4.995996000000e-03,1.850647000000e-09,312,264,0
2026-05-07T18:30:46.402+00:00,345.409475,1,4.995508119464e-03,4.995796000000e-03,1.869608000000e-09,312,264,0
2026-05-07T18:30:47.085+00:00,346.176791,1,4.995450843126e-03,4.995685000000e-03,1.869554000000e-09,312,264,0
2026-05-07T18:30:47.699+00:00,346.841189,1,4.995496012270e-03,4.995655000000e-03,1.835657000000e-09,312,264,0
2026-05-07T18:30:48.354+00:00,347.479479,1,4.995258990675e-03,4.995023000000e-03,1.822164000000e-09,312,264,0
2026-05-07T18:30:48.966+00:00,348.118342,1,4.995064809918e-03,4.995102000000e-03,1.850212000000e-09,312,264,0
2026-05-07T18:30:49.562+00:00,348.757579,1,4.994975868613e-03,4.995323000000e-03,1.858264000000e-09,312,264,0
2026-05-07T18:30:50.099+00:00,349.317988,1,4.994506016374e-03,4.995387000000e-03,1.851055000000e-09,312,264,0
2026-05-07T18:30:50.715+00:00,349.855593,1,4.995469935238e-03,4.995029000000e-03,1.848661000000e-09,312,264,0
2026-05-07T18:30:51.411+00:00,350.494207,1,4.995801951736e-03,4.994981000000e-03,1.866806000000e-09,312,264,0
2026-05-07T18:30:52.021+00:00,351.165037,1,4.994750022888e-03,4.995176000000e-03,1.869989000000e-09,312,264,0
2026-05-07T18:30:52.263+00:00,351.802738,1,4.995620809495e-03,4.995717000000e-03,1.871159000000e-09,312,264,0
2026-05-07T18:30:52.544+00:00,352.066132,1,4.994800779969e-03,4.994851000000e-03,1.890120000000e-09,312,264,0
2026-05-07T18:30:52.799+00:00,352.332924,1,4.995263181627e-03,4.995274000000e-03,1.899396000000e-09,312,264,0
2026-05-07T18:30:53.310+00:00,352.582725,1,4.995134193450e-03,4.994774000000e-03,1.906877000000e-09,312,264,0
2026-05-07T18:30:53.445+00:00,353.084717,1,4.995083902031e-03,4.994991000000e-03,1.902361000000e-09,312,264,0
2026-05-07T18:30:53.589+00:00,353.204914,1,4.994664806873e-03,4.995076000000e-03,1.899287000000e-09,312,264,0
2026-05-07T18:30:53.725+00:00,353.358942,1,4.994990769774e-03,4.995116000000e-03,1.895261000000e-09,312,264,0
2026-05-07T18:30:53.952+00:00,353.497167,1,4.994953051209e-03,4.994838000000e-03,1.895778000000e-09,312,264,0
2026-05-07T18:30:54.139+00:00,353.761062,1,4.995291121304e-03,4.995796000000e-03,1.894962000000e-09,312,264,0
2026-05-07T18:30:54.269+00:00,353.897262,1,4.995390772820e-03,4.995310000000e-03,1.900974000000e-09,312,264,0
2026-05-07T18:30:54.468+00:00,354.035720,1,4.995779134333e-03,4.995502000000e-03,1.906524000000e-09,312,264,0
2026-05-07T18:30:54.640+00:00,354.238993,1,4.994860850275e-03,4.995076000000e-03,1.913080000000e-09,312,264,0
2026-05-07T18:30:54.790+00:00,354.401226,1,4.995191004127e-03,4.995140000000e-03,1.916290000000e-09,312,264,0
2026-05-07T18:30:54.922+00:00,354.545805,1,4.994885064662e-03,4.995174000000e-03,1.915202000000e-09,312,264,0
2026-05-07T18:30:55.073+00:00,354.698368,1,4.995134193450e-03,4.995302000000e-03,1.913624000000e-09,312,264,0
2026-05-07T18:30:55.222+00:00,354.837236,1,4.995347000659e-03,4.995402000000e-03,1.909897000000e-09,312,264,0
2026-05-07T18:30:55.347+00:00,354.988458,1,4.994897171855e-03,4.994927000000e-03,1.907775000000e-09,312,264,0
2026-05-07T18:30:55.498+00:00,355.131319,1,4.994912073016e-03,4.995038000000e-03,1.905354000000e-09,312,264,0
2026-05-07T18:30:55.640+00:00,355.254148,1,4.995083902031e-03,4.994629000000e-03,1.902661000000e-09,312,264,0
2026-05-07T18:30:55.768+00:00,355.395512,1,4.995150025934e-03,4.994967000000e-03,1.903939000000e-09,312,264,0
2026-05-07T18:30:56.073+00:00,355.537755,1,4.995003808290e-03,4.995134000000e-03,1.896431000000e-09,312,264,0
2026-05-07T18:30:56.215+00:00,355.829415,1,4.994758870453e-03,4.994563000000e-03,1.890201000000e-09,312,264,0
2026-05-07T18:30:56.367+00:00,355.986997,1,4.994134884328e-03,4.994603000000e-03,1.883781000000e-09,312,264,0
2026-05-07T18:30:56.498+00:00,356.122723,1,4.994730930775e-03,4.994953000000e-03,1.876055000000e-09,312,264,0
2026-05-07T18:30:56.657+00:00,356.272702,1,4.996119998395e-03,4.995900000000e-03,1.873036000000e-09,312,264,0
2026-05-07T18:30:56.807+00:00,356.425546,1,4.995596129447e-03,4.995819000000e-03,1.876219000000e-09,312,264,0
2026-05-07T18:30:56.935+00:00,356.562009,1,4.995375871658e-03,4.995214000000e-03,1.877361000000e-09,312,264,0
2026-05-07T18:30:57.334+00:00,356.697533,1,4.995163995773e-03,4.995021000000e-03,1.861093000000e-09,312,264,0
2026-05-07T18:30:57.940+00:00,357.089615,1,4.994528833777e-03,4.994139000000e-03,1.829972000000e-09,312,264,0
2026-05-07T18:30:58.465+00:00,357.712602,1,4.994010087103e-03,4.994312000000e-03,1.842350000000e-09,312,264,0
2026-05-07T18:30:59.052+00:00,358.226928,1,4.994189832360e-03,4.994284000000e-03,1.853775000000e-09,312,264,0
2026-05-07T18:30:59.581+00:00,358.865754,1,4.995158873498e-03,4.994514000000e-03,1.864222000000e-09,312,264,0
2026-05-07T18:31:00.295+00:00,359.378593,1,4.993801005185e-03,4.993858000000e-03,1.877878000000e-09,312,264,0
2026-05-07T18:31:01.034+00:00,360.050161,1,4.994329065084e-03,4.993769000000e-03,1.899723000000e-09,312,264,0
2026-05-07T18:31:01.720+00:00,360.798170,1,4.994336981326e-03,4.994299000000e-03,1.894309000000e-09,312,264,0
2026-05-07T18:31:02.478+00:00,361.476346,1,4.994651768357e-03,4.994476000000e-03,1.888324000000e-09,312,264,0
2026-05-07T18:31:03.267+00:00,362.242511,1,4.994851071388e-03,4.995049000000e-03,1.889358000000e-09,312,264,0
2026-05-07T18:31:03.866+00:00,363.019357,1,4.994667135179e-03,4.993911000000e-03,1.889793000000e-09,312,264,0
2026-05-07T18:31:04.625+00:00,363.661172,1,4.994202870876e-03,4.993916000000e-03,1.862317000000e-09,312,264,0
2026-05-07T18:31:05.518+00:00,364.411336,1,4.994149785489e-03,4.994056000000e-03,1.870179000000e-09,312,264,0
2026-05-07T18:31:06.208+00:00,365.280498,1,4.994810093194e-03,4.993537000000e-03,1.865228000000e-09,312,264,0
2026-05-07T18:31:06.868+00:00,365.964166,1,4.993478767574e-03,4.993626000000e-03,1.851844000000e-09,312,264,0
2026-05-07T18:31:07.512+00:00,366.623721,1,4.993985872716e-03,4.993896000000e-03,1.858101000000e-09,312,264,0
2026-05-07T18:31:08.291+00:00,367.264018,1,4.993199836463e-03,4.993807000000e-03,1.860685000000e-09,312,264,0
2026-05-07T18:31:08.545+00:00,368.044936,1,4.994205199182e-03,4.993688000000e-03,1.852878000000e-09,312,264,0
2026-05-07T18:31:08.686+00:00,368.315847,1,4.993632901460e-03,4.993771000000e-03,1.847627000000e-09,312,264,0
2026-05-07T18:31:08.976+00:00,368.456833,1,4.993600770831e-03,4.993454000000e-03,1.848851000000e-09,312,264,0
2026-05-07T18:31:09.224+00:00,368.735729,1,4.993042908609e-03,4.992845000000e-03,1.851572000000e-09,312,264,0
2026-05-07T18:31:09.695+00:00,369.000098,1,4.993452224880e-03,4.993309000000e-03,1.863460000000e-09,312,264,0
2026-05-07T18:31:09.883+00:00,369.455082,1,4.993380978703e-03,4.993328000000e-03,1.860549000000e-09,312,264,0
2026-05-07T18:31:10.006+00:00,369.642451,1,4.993624053895e-03,4.993818000000e-03,1.859978000000e-09,312,264,0
2026-05-07T18:31:10.135+00:00,369.770468,1,4.993364214897e-03,4.993667000000e-03,1.864902000000e-09,312,264,0
2026-05-07T18:31:10.272+00:00,369.905911,1,4.993224050850e-03,4.993284000000e-03,1.869853000000e-09,312,264,0
2026-05-07T18:31:10.409+00:00,370.045627,1,4.993535112590e-03,4.993192000000e-03,1.876899000000e-09,312,264,0
2026-05-07T18:31:10.569+00:00,370.183818,1,4.992932081223e-03,4.992732000000e-03,1.881959000000e-09,312,264,0
2026-05-07T18:31:10.719+00:00,370.339986,1,4.993337206542e-03,4.993835000000e-03,1.889984000000e-09,312,264,0
2026-05-07T18:31:10.850+00:00,370.479178,1,4.993358161300e-03,4.993245000000e-03,1.898444000000e-09,312,264,0
2026-05-07T18:31:11.063+00:00,370.618079,1,4.993305075914e-03,4.993234000000e-03,1.903531000000e-09,312,264,0
2026-05-07T18:31:11.222+00:00,370.831134,1,4.993442911655e-03,4.993724000000e-03,1.904919000000e-09,312,264,0
2026-05-07T18:31:11.370+00:00,370.976418,1,4.993970971555e-03,4.993926000000e-03,1.903205000000e-09,312,264,0
2026-05-07T18:31:11.512+00:00,371.129452,1,4.993345122784e-03,4.993252000000e-03,1.899287000000e-09,312,264,0
2026-05-07T18:31:11.734+00:00,371.272476,1,4.992793779820e-03,4.993058000000e-03,1.893520000000e-09,312,264,0
2026-05-07T18:31:11.980+00:00,371.519241,1,4.993525799364e-03,4.993354000000e-03,1.890800000000e-09,312,264,0
2026-05-07T18:31:12.157+00:00,371.782447,1,4.993457812816e-03,4.993414000000e-03,1.883319000000e-09,312,264,0
2026-05-07T18:31:12.342+00:00,371.925480,1,4.993159789592e-03,4.993089000000e-03,1.880136000000e-09,312,264,0
2026-05-07T18:31:13.043+00:00,372.162754,1,4.994453862309e-03,4.993726000000e-03,1.890718000000e-09,312,264,0
